Date,order,sample_id,parameter,beaker,tank,arm,pump,tp,Coral,Salinity,DIC,ta1,ta2,Avg.TA,Treatment,diff,delta,precip,temp,dbar
2/7/2024,1,154,DIC/TA,1,1,Armand,1,T0,S3,35.2805284,3604.990019,4516.446421,4514.628836,4515.537629,HI,-1.82,1,no,27,1
2/7/2024,2,155,DIC/TA,2,1,Armand,1,T0,C2,34.96443844,3656.749023,4647.394911,4648.457254,4647.926083,XHI,1.06,1,no,27,1
2/7/2024,3,156,DIC/TA,3,1,Armand,1,T0,Blank,35.54750011,3031.38917,3701.074951,3701.455113,3701.265032,ELEV,0.38,0,no,27,1
2/7/2024,4,157,DIC/TA,4,1,Armand,1,T0,C10,35.27135502,3327.32901,4431.997152,4430.193669,4431.095411,HI,-1.8,1,no,27,1
2/7/2024,5,158,DIC/TA,5,1,Armand,1,T0,C4,35.52915602,2849.528113,3474.168157,3477.051189,3475.609673,ELEV,2.88,2,no,27,1
2/7/2024,6,159,DIC/TA,6,1,Armand,1,T0,M7,35.44660537,3674.109514,4580.29863,4581.802558,4581.050594,HI,1.5,1,no,27,1
2/7/2024,7,160,DIC/TA,7,1,Armand,1,T0,C18,35.59860051,1977.861481,2287.012069,2290.978309,2288.995189,AMB,3.97,3,no,27,1
2/7/2024,8,161,DIC/TA,8,1,Armand,1,T0,S14,35.49901892,2903.37963,3535.347535,3534.804885,3535.07621,ELEV,-0.54,0,no,27,1
2/7/2024,9,162,DIC/TA,9,1,Armand,1,T0,S10,35.1031996,3687.997438,4232.598825,4234.729023,4233.663924,XHI,2.13,2,no,27,1
2/7/2024,10,163,DIC/TA,10,1,Armand,1,T0,M3,35.62515188,1993.844627,2303.729389,2306.992753,2305.361071,AMB,3.26,3,no,27,1
2/7/2024,11,164,DIC/TA,11,1,Armand,1,T0,Blank,35.19796638,3802.099218,4664.459504,4665.219947,4664.839726,XHI,0.76,0,no,27,1
2/7/2024,12,165,DIC/TA,12,1,Armand,1,T0,C7,35.6798341,1997.101906,2334.304194,2332.680332,2333.492263,AMB,-1.62,1,no,27,1
2/7/2024,13,166,DIC/TA,13,2,Armand,1,T0,Blank,35.61335975,2138.974192,2457.727468,2460.124918,2458.926193,AMB,2.4,2,no,27,1
2/7/2024,14,167,DIC/TA,14,2,Armand,1,T0,C9,35.55701855,2828.118746,3423.502849,3422.597497,3423.050173,ELEV,-0.91,0,no,27,1
2/7/2024,15,168,DIC/TA,15,2,Armand,1,T0,C1,35.11629797,3551.278193,4634.855642,4633.669595,4634.262619,HI,-1.19,1,no,27,1
2/7/2024,16,169,DIC/TA,16,2,Armand,1,T0,C8,35.60418805,1977.632217,2285.717652,2286.096118,2285.906885,AMB,0.38,0,no,27,1
2/7/2024,17,170,DIC/TA,17,2,Armand,1,T0,C5,35.05735459,3743.579109,4775.657805,4776.988728,4776.323267,XHI,1.33,1,no,27,1
2/7/2024,18,171,DIC/TA,18,2,Armand,1,T0,M2,35.52688184,2865.22972,3463.216055,3460.197796,3461.706926,ELEV,-3.02,3,no,27,1
2/7/2024,19,172,DIC/TA,19,2,Armand,1,T0,S8,35.28183888,3710.184449,4623.823801,4628.674945,4626.249373,HI,4.85,4,no,27,1
2/7/2024,20,173,DIC/TA,20,2,Armand,1,T0,S7,35.17927298,3720.54364,4302.819433,4306.060862,4304.440148,XHI,3.24,3,no,27,1
2/7/2024,21,174,DIC/TA,21,2,Armand,1,T0,S6,35.73496228,1995.771511,2305.843566,2301.186456,2303.515011,AMB,-4.66,4,no,27,1
2/7/2024,22,175,DIC/TA,22,2,Armand,1,T0,Blank,35.36667183,3512.206753,4900.457778,4900.327912,4900.392845,HI,-0.13,0,no,27,1
2/7/2024,23,176,DIC/TA,23,2,Armand,1,T0,S1,35.56846455,2856.953287,3484.933856,3485.505532,3485.219694,ELEV,0.57,0,no,27,1
2/7/2024,24,177,DIC/TA,24,2,Armand,1,T0,M9,35.15297291,3489.188203,4575.0516,4585.29595,4580.173775,XHI,10.24,10,no,27,1
2/7/2024,25,178,DIC/TA,25,3,Armanda,1,T0,S2,35.37191348,3836.531851,4802.602782,4806.6773,4804.640041,HI,4.07,4,no,27,1
2/7/2024,26,179,DIC/TA,26,3,Armanda,1,T0,M1,35.15200864,3483.932864,4688.832681,4689.791615,4689.312148,XHI,0.96,0,no,27,1
2/7/2024,27,180,DIC/TA,27,3,Armanda,1,T0,Blank,35.35094679,3847.728033,4828.166648,4829.0133,4828.589974,HI,0.85,0,no,27,1
2/7/2024,28,181,DIC/TA,28,3,Armanda,1,T0,M8,35.54129511,2992.538488,3628.278447,3631.188108,3629.733278,ELEV,2.91,2,no,27,1
2/7/2024,29,182,DIC/TA,29,3,Armanda,1,T0,S5,35.22252056,3445.983751,4817.718028,4826.157662,4821.937845,XHI,8.44,8,no,27,1
2/7/2024,30,183,DIC/TA,30,3,Armanda,1,T0,C3,35.41777728,3774.287462,4746.743452,4752.373861,4749.558657,HI,5.63,5,no,27,1
2/7/2024,31,184,DIC/TA,31,3,Armanda,1,T0,M4,35.73234162,2105.350394,2423.576375,2422.270166,2422.923271,AMB,-1.31,1,no,27,1
2/7/2024,32,185,DIC/TA,32,3,Armanda,1,T0,S4,35.67231962,2029.888951,2325.076902,2327.488455,2326.282679,AMB,2.41,2,no,27,1
2/7/2024,33,186,DIC/TA,33,3,Armanda,1,T0,Blank,35.59598001,3078.537403,3817.675796,3825.655639,3821.665718,ELEV,7.98,7,no,27,1
2/7/2024,34,187,DIC/TA,34,3,Armanda,1,T0,S11,35.57239535,2984.594519,3683.994375,3683.01634,3683.505358,ELEV,-0.98,0,no,27,1
2/7/2024,35,188,DIC/TA,35,3,Armanda,1,T0,C13,35.69424613,2009.944888,2334.02051,2335.026304,2334.523407,AMB,1.01,1,no,27,1
2/7/2024,36,189,DIC/TA,36,3,Armanda,1,T0,C15,35.1480792,3367.01959,4913.546483,4909.131685,4911.339084,XHI,-4.41,4,no,27,1
2/7/2024,37,190,DIC/TA,37,4,Armanda,1,T0,C6,35.26969859,3141.303101,4925.281027,4928.966282,4927.123655,HI,3.69,3,no,27,1
2/7/2024,38,191,DIC/TA,38,4,Armanda,1,T0,C12,35.60087447,2030.128356,2367.538113,2366.493708,2367.015911,AMB,-1.04,1,no,27,1
2/7/2024,39,192,DIC/TA,39,4,Armanda,1,T0,S9,35.66969922,2046.970828,2382.901897,2384.628351,2383.765124,AMB,1.73,1,no,27,1
2/7/2024,40,193,DIC/TA,40,4,Armanda,1,T0,Blank,35.22941902,3431.297,4856.3818,4860.450564,4858.416182,XHI,4.07,4,no,27,1
2/7/2024,41,194,DIC/TA,41,4,Armanda,1,T0,M5,35.34963636,3151.128491,4816.255498,4818.859729,4817.557614,HI,2.6,2,no,27,1
2/7/2024,42,195,DIC/TA,42,4,Armanda,1,T0,M6,35.17403078,3315.67745,4517.491331,4516.359471,4516.925401,XHI,-1.13,1,no,27,1
2/7/2024,43,196,DIC/TA,43,4,Armanda,1,T0,S12,35.53963838,2985.284333,3685.141802,3680.815417,3682.97861,ELEV,-4.33,4,no,27,1
2/7/2024,44,197,DIC/TA,44,4,Armanda,1,T0,Blank,35.6650753,2120.786931,2466.637707,2468.677893,2467.6578,AMB,2.04,2,no,27,1
2/7/2024,45,198,DIC/TA,45,4,Armanda,1,T0,C11,35.56846455,2942.891069,3617.764369,3624.171754,3620.968062,ELEV,6.41,6,no,27,1
2/7/2024,46,199,DIC/TA,46,4,Armanda,1,T0,S15,35.33653205,3104.243181,4813.889439,4824.508928,4819.199184,HI,10.62,10,no,27,1
2/7/2024,47,200,DIC/TA,47,4,Armanda,1,T0,C14,35.60384149,2970.071859,3659.458481,3653.891602,3656.675042,ELEV,-5.57,5,no,27,1
2/7/2024,48,201,DIC/TA,48,4,Armanda,1,T0,C16,35.16903609,3330.145531,4544.945159,4544.151955,4544.548557,XHI,-0.79,0,no,27,1
2/9/2024,51,204,TA,1,1,Armand,1,T1,S3,,,4253.379116,4261.600815,4257.489966,HI,8.22,8,no,27,1
2/9/2024,52,205,TA,2,1,Armand,1,T1,C2,,,5041.043523,5047.488456,5044.26599,XHI,6.44,6,no,27,1
2/9/2024,53,206,TA,3,1,Armand,1,T1,Blank,,,3766.98219,3764.376602,3765.679396,ELEV,-2.61,2,no,27,1
2/9/2024,54,207,TA,4,1,Armand,1,T1,C10,,,4081.280254,4085.777114,4083.528684,HI,4.5,4,no,27,1
2/9/2024,55,208,TA,5,1,Armand,1,T1,C4,,,3521.732498,3519.015233,3520.373866,ELEV,-2.72,2,no,27,1
2/9/2024,56,209,TA,6,1,Armand,1,T1,M7,,,4173.86236,4180.608139,4177.23525,HI,6.75,6,no,27,1
2/9/2024,57,210,TA,7,1,Armand,1,T1,C18,,,2265.155149,2263.336813,2264.245981,AMB,-1.82,1,no,27,1
2/9/2024,58,211,TA,8,1,Armand,1,T1,S14,,,3566.91011,3571.340435,3569.125273,ELEV,4.43,4,no,27,1
2/9/2024,59,212,TA,9,1,Armand,1,T1,S10,,,4627.278339,4618.413299,4622.845819,XHI,-8.87,8,no,27,1
2/9/2024,60,213,TA,10,1,Armand,1,T1,M3,,,2270.629141,2268.254939,2269.44204,AMB,-2.37,2,no,27,1
2/9/2024,61,214,TA,11,1,Armand,1,T1,Blank,,,4586.841239,4598.120414,4592.480827,XHI,11.28,11,no,27,1
2/9/2024,62,215,TA,12,1,Armand,1,T1,C7,,,2288.602417,2288.421231,2288.511824,AMB,-0.18,0,no,27,1
2/9/2024,63,216,TA,13,2,Armand,1,T1,Blank,,,2438.622337,2441.514348,2440.068343,AMB,2.89,2,no,27,1
2/9/2024,64,217,TA,14,2,Armand,1,T1,C9,,,3520.826864,3518.023357,3519.425111,ELEV,-2.8,2,no,27,1
2/9/2024,65,218,TA,15,2,Armand,1,T1,C1,,,4242.878755,4246.408418,4244.643587,HI,3.53,3,no,27,1
2/9/2024,66,219,TA,16,2,Armand,1,T1,C8,,,2258.531909,2258.56961,2258.55076,AMB,0.04,0,no,27,1
2/9/2024,67,220,TA,17,2,Armand,1,T1,C5,,,4851.551952,4864.058022,4857.804987,XHI,12.51,12,no,27,1
2/9/2024,68,221,TA,18,2,Armand,1,T1,M2,,,3427.228298,3424.012777,3425.620538,ELEV,-3.22,3,no,27,1
2/9/2024,69,222,TA,19,2,Armand,1,T1,S8,,,4254.405662,4259.40822,4256.906941,HI,5,5,no,27,1
2/9/2024,70,223,TA,20,2,Armand,1,T1,S7,,,4421.144285,4422.630325,4421.887305,XHI,1.49,1,no,27,1
2/9/2024,71,224,TA,21,2,Armand,1,T1,S6,,,2286.629016,2285.322519,2285.975768,AMB,-1.31,1,no,27,1
2/9/2024,72,225,TA,22,2,Armand,1,T1,Blank,,,4828.707248,4844.366228,4836.536738,HI,15.66,15,no,27,1
2/9/2024,73,226,TA,23,2,Armand,1,T1,S1,,,3470.466749,3462.552593,3466.509671,ELEV,-7.91,7,no,27,1
2/9/2024,74,227,TA,24,2,Armand,1,T1,M9,,,4417.834768,4424.007796,4420.921282,XHI,6.17,6,no,27,1
2/9/2024,75,228,TA,25,3,Armanda,1,T1,S2,,,4473.993044,4474.636771,4474.314908,HI,0.64,0,no,27,1
2/9/2024,76,229,TA,26,3,Armanda,1,T1,M1,,,5268.892901,5274.118974,5271.505938,XHI,5.23,5,no,27,1
2/9/2024,77,230,TA,27,3,Armanda,1,T1,Blank,,,4482.685353,4479.568993,4481.127173,HI,-3.12,3,no,27,1
2/9/2024,78,231,TA,28,3,Armanda,1,T1,M8,,,3703.981856,3701.789716,3702.885786,ELEV,-2.19,2,no,27,1
2/9/2024,79,232,TA,29,3,Armanda,1,T1,S5,,,4486.960295,4497.162379,4492.061337,XHI,10.2,10,no,27,1
2/9/2024,80,233,TA,30,3,Armanda,1,T1,C3,,,4306.112512,4307.998425,4307.055469,HI,1.89,1,no,27,1
2/9/2024,81,234,TA,31,3,Armanda,1,T1,M4,,,2414.830645,2410.112193,2412.471419,AMB,-4.72,4,no,27,1
2/9/2024,82,235,TA,32,3,Armanda,1,T1,S4,,,2338.325753,2338.160797,2338.243275,AMB,-0.16,0,no,27,1
2/9/2024,83,236,TA,33,3,Armanda,1,T1,Blank,,,3823.790456,3834.566215,3829.178336,ELEV,10.78,10,no,27,1
2/9/2024,84,237,TA,34,3,Armanda,1,T1,S11,,,3772.421389,3774.028024,3773.224707,ELEV,1.61,1,no,27,1
2/9/2024,85,238,TA,35,3,Armanda,1,T1,C13,,,2330.038859,2323.420621,2326.72974,AMB,-6.62,6,no,27,1
2/9/2024,86,239,TA,36,3,Armanda,1,T1,C15,,,4407.191435,4419.749175,4413.470305,XHI,12.56,12,no,27,1
2/9/2024,87,240,TA,37,4,Armanda,1,T1,C6,,,4284.15967,4283.224524,4283.692097,HI,-0.94,0,no,27,1
2/9/2024,88,241,TA,38,4,Armanda,1,T1,C12,,,2362.916072,2362.21207,2362.564071,AMB,-0.7,0,no,27,1
2/9/2024,89,242,TA,39,4,Armanda,1,T1,S9,,,2362.491205,2367.192946,2364.842076,AMB,4.7,4,no,27,1
2/9/2024,90,243,TA,40,4,Armanda,1,T1,Blank,,,4601.743509,4615.712002,4608.727756,XHI,13.97,13,no,27,1
2/9/2024,91,244,TA,41,4,Armanda,1,T1,M5,,,4507.588471,4507.076059,4507.332265,HI,-0.51,0,no,27,1
2/9/2024,92,245,TA,42,4,Armanda,1,T1,M6,,,4261.970517,4257.932686,4259.951602,XHI,-4.04,4,no,27,1
2/9/2024,93,246,TA,43,4,Armanda,1,T1,S12,,,3719.171955,3717.566694,3718.369325,ELEV,-1.61,1,no,27,1
2/9/2024,94,247,TA,44,4,Armanda,1,T1,Blank,,,2478.356899,2475.101292,2476.729096,AMB,-3.26,3,no,27,1
2/9/2024,95,248,TA,45,4,Armanda,1,T1,C11,,,3663.333647,3662.506508,3662.920078,ELEV,-0.83,0,no,27,1
2/9/2024,96,249,TA,46,4,Armanda,1,T1,S15,,,4456.711099,4460.304655,4458.507877,HI,3.59,3,no,27,1
2/9/2024,97,250,TA,47,4,Armanda,1,T1,C14,,,3731.37506,3732.2701,3731.82258,ELEV,0.9,0,no,27,1
2/9/2024,98,251,TA,48,4,Armanda,1,T1,C16,,,4633.514096,4638.798566,4636.156331,XHI,5.28,5,no,27,1
2/13/2024,101,256,DIC/TA,1,1,Armand,1,T2,S3,34.54127023,3708.139711,4495.135944,4504.396801,4499.766373,HI,9.26,9,no,27,1
2/13/2024,102,257,DIC/TA,2,1,Armand,1,T2,C2,34.27763941,3754.374399,5249.149117,5256.117332,5252.633225,XHI,6.97,6,no,27,1
2/13/2024,103,258,DIC/TA,3,1,Armand,1,T2,Blank,34.82704691,3119.118323,3778.369918,3774.253174,3776.311546,ELEV,-4.12,4,no,27,1
2/13/2024,104,259,DIC/TA,4,1,Armand,1,T2,C10,34.53864822,3666.008457,4443.222349,4438.511835,4440.867092,HI,-4.71,4,no,27,1
2/13/2024,105,260,DIC/TA,5,1,Armand,1,T2,C4,34.74411959,3004.76356,3609.019168,3604.952384,3606.985776,ELEV,-4.07,4,no,27,1
2/13/2024,106,261,DIC/TA,6,1,Armand,1,T2,M7,34.69299545,3596.408541,4314.194096,4318.043175,4316.118636,HI,3.85,3,no,27,1
2/13/2024,107,262,DIC/TA,7,1,Armand,1,T2,C18,34.88216836,2099.371413,2392.665876,2390.394486,2391.530181,AMB,-2.27,2,no,27,1
2/13/2024,108,263,DIC/TA,8,1,Armand,1,T2,S14,34.74708631,3039.287089,3655.034602,3660.516844,3657.775723,ELEV,5.48,5,no,27,1
2/13/2024,109,264,DIC/TA,9,1,Armand,1,T2,S10,34.37835442,4279.117254,5461.728504,5474.522124,5468.125314,XHI,12.79,12,no,27,1
2/13/2024,110,265,DIC/TA,10,1,Armand,1,T2,M3,34.92146791,2107.009314,2409.456135,2412.150711,2410.803423,AMB,2.69,2,no,27,1
2/13/2024,111,266,DIC/TA,11,1,Armand,1,T2,Blank,34.40685435,4378.768881,5239.712447,5244.913959,5242.313203,XHI,5.2,5,no,27,1
2/13/2024,112,267,DIC/TA,12,1,Armand,1,T2,C7,34.80572886,2111.206732,2407.459541,2408.613808,2408.036675,AMB,1.15,1,no,27,1
2/13/2024,113,268,DIC/TA,13,2,Armand,1,T2,Blank,34.84121298,2168.701633,2511.844004,2510.867688,2511.355846,AMB,-0.98,0,no,27,1
2/13/2024,114,269,DIC/TA,14,2,Armand,1,T2,C9,34.85334817,2631.864335,3126.055474,3125.816141,3125.935808,ELEV,-0.24,0,no,27,1
2/13/2024,115,270,DIC/TA,15,2,Armand,1,T2,C1,34.41837629,3689.568681,4359.035383,4366.348353,4362.691868,HI,7.31,7,no,27,1
2/13/2024,116,271,DIC/TA,16,2,Armand,1,T2,C8,34.77164739,2031.085159,2362.257864,2354.393072,2358.325468,AMB,-7.86,7,no,27,1
2/13/2024,117,272,DIC/TA,17,2,Armand,1,T2,C5,34.31707523,3960.961582,5268.995483,5282.303618,5275.649551,XHI,13.31,13,no,27,1
2/13/2024,118,273,DIC/TA,18,2,Armand,1,T2,M2,34.72707837,2940.053374,3581.324582,3572.150036,3576.737309,ELEV,-9.17,9,no,27,1
2/13/2024,119,274,DIC/TA,19,2,Armand,1,T2,S8,34.50718384,3651.049983,4437.046299,4442.926836,4439.986568,HI,5.88,5,no,27,1
2/13/2024,120,275,DIC/TA,20,2,Armand,1,T2,S7,34.31707523,3823.869338,5178.574997,5182.719057,5180.647027,XHI,4.14,4,no,27,1
2/13/2024,121,276,DIC/TA,21,2,Armand,1,T2,S6,34.87754828,2066.702915,2400.108657,2397.150864,2398.629761,AMB,-2.96,2,no,27,1
2/13/2024,122,277,DIC/TA,22,2,Armand,1,T2,Blank,34.57238935,3751.350501,4678.790151,4687.379497,4683.084824,HI,8.59,8,no,27,1
2/13/2024,123,278,DIC/TA,23,2,Armand,1,T2,S1,34.70479346,2956.151799,3589.1078,3586.912914,3588.010357,ELEV,-2.19,2,no,27,1
2/13/2024,124,279,DIC/TA,24,2,Armand,1,T2,M9,34.31935332,3874.063942,5349.138387,5349.06875,5349.103569,XHI,-0.07,0,no,27,1
2/13/2024,125,280,DIC/TA,25,3,Armanda,1,T2,S2,34.41506528,3757.136058,4585.790942,4587.014321,4586.402632,HI,1.22,1,no,27,1
2/13/2024,126,281,DIC/TA,26,3,Armanda,1,T2,M1,34.16092365,3937.21603,5427.512104,5445.594809,5436.553457,XHI,18.08,18,no,27,1
2/13/2024,127,282,DIC/TA,27,3,Armanda,1,T2,Blank,34.41409859,3750.824745,4618.784971,4615.414868,4617.09992,HI,-3.37,3,no,27,1
2/13/2024,128,283,DIC/TA,28,3,Armanda,1,T2,M8,34.61696208,3090.489089,3753.079254,3748.830662,3750.954958,ELEV,-4.25,4,no,27,1
2/13/2024,129,284,DIC/TA,29,3,Armanda,1,T2,S5,34.11633368,3950.24614,5476.132431,5482.817288,5479.47486,XHI,6.68,6,no,27,1
2/13/2024,130,285,DIC/TA,30,3,Armanda,1,T2,C3,34.39539884,3762.493862,4585.927169,4585.013942,4585.470556,HI,-0.91,0,no,27,1
2/13/2024,131,286,DIC/TA,31,3,Armanda,1,T2,M4,34.69989483,2184.031623,2490.903671,2489.995174,2490.449423,AMB,-0.91,0,no,27,1
2/13/2024,132,287,DIC/TA,32,3,Armanda,1,T2,S4,34.72838924,2164.198154,2469.085096,2470.017566,2469.551331,AMB,0.93,0,no,27,1
2/13/2024,133,288,DIC/TA,33,3,Armanda,1,T2,Blank,34.59598681,3200.007824,3882.763133,3883.206018,3882.984576,ELEV,0.44,0,no,27,1
2/13/2024,134,289,DIC/TA,34,3,Armanda,1,T2,S11,34.57894423,3161.439289,3858.063542,3858.638559,3858.351051,ELEV,0.58,0,no,27,1
2/13/2024,135,290,DIC/TA,35,3,Armanda,1,T2,C13,34.69685948,2141.418464,2475.809001,2475.409675,2475.609338,AMB,-0.4,0,no,27,1
2/13/2024,136,291,DIC/TA,36,3,Armanda,1,T2,C15,34.197644,3969.605006,4613.796562,4613.224073,4613.510318,XHI,-0.57,0,no,27,1
2/13/2024,137,292,DIC/TA,37,4,Armanda,1,T2,C6,34.46129733,3783.461766,4629.316364,4633.725495,4631.52093,HI,4.41,4,no,27,1
2/13/2024,138,293,DIC/TA,38,4,Armanda,1,T2,C12,34.66939922,2172.38984,2475.545085,2475.923151,2475.734118,AMB,0.38,0,no,27,1
2/13/2024,139,294,DIC/TA,39,4,Armanda,1,T2,S9,34.69299545,2186.771476,2483.042616,2487.804596,2485.423606,AMB,4.76,4,no,27,1
2/13/2024,140,295,DIC/TA,40,4,Armanda,1,T2,Blank,34.54651423,3941.060852,4805.665155,4803.825566,4804.745361,XHI,-1.84,1,no,27,1
2/13/2024,141,296,DIC/TA,41,4,Armanda,1,T2,M5,34.43735367,3747.608546,4504.141347,4504.522267,4504.331807,HI,0.38,0,no,27,1
2/13/2024,142,297,DIC/TA,42,4,Armanda,1,T2,M6,34.2405765,4301.103819,5318.722163,5323.604656,5321.16341,XHI,4.88,4,no,27,1
2/13/2024,143,298,DIC/TA,43,4,Armanda,1,T2,S12,34.55962418,3096.731542,3775.241546,3775.270059,3775.255803,ELEV,0.03,0,no,27,1
2/13/2024,144,299,DIC/TA,44,4,Armanda,1,T2,Blank,34.73659942,2210.010614,2521.8772,2519.660504,2520.768852,AMB,-2.22,2,no,27,1
2/13/2024,145,300,DIC/TA,45,4,Armanda,1,T2,C11,34.56093517,3102.021496,3786.221753,3787.058614,3786.640184,ELEV,0.84,0,no,27,1
2/13/2024,146,301,DIC/TA,46,4,Armanda,1,T2,S15,34.393121,3547.108073,4641.801491,4644.546539,4643.174015,HI,2.75,2,no,27,1
2/13/2024,147,302,DIC/TA,47,4,Armanda,1,T2,C14,34.57632228,3134.061048,3809.431654,3809.905956,3809.668805,ELEV,0.47,0,no,27,1
2/13/2024,148,303,DIC/TA,48,4,Armanda,1,T2,C16,34.15105552,3786.850924,4955.140102,4966.009554,4960.574828,XHI,10.87,10,no,27,1
2/16/2024,151,306,TA,1,1,Armand,1,T3,S3,,,4495.337491,4495.317213,4495.327352,HI,-0.02,0,no,27,1
2/16/2024,152,307,TA,2,1,Armand,1,T3,C2,,,4319.006773,4316.232225,4317.619499,XHI,-2.77,2,no,27,1
2/16/2024,153,308,TA,3,1,Armand,1,T3,Blank,,,3771.073708,3773.355768,3772.214738,ELEV,2.28,2,no,27,1
2/16/2024,154,309,TA,4,1,Armand,1,T3,C10,,,4483.65872,4488.916985,4486.287853,HI,5.26,5,no,27,1
2/16/2024,155,310,TA,5,1,Armand,1,T3,C4,,,3617.751078,3613.451952,3615.601515,ELEV,-4.3,4,no,27,1
2/16/2024,156,311,TA,6,1,Armand,1,T3,M7,,,4368.963894,4374.077201,4371.520548,HI,5.11,5,no,27,1
2/16/2024,157,312,TA,7,1,Armand,1,T3,C18,,,2413.948358,2413.953132,2413.950745,AMB,0,0,no,27,1
2/16/2024,158,313,TA,8,1,Armand,1,T3,S14,,,3596.977537,3607.773184,3602.375361,ELEV,10.8,10,no,27,1
2/16/2024,159,314,TA,9,1,Armand,1,T3,S10,,,5137.291319,5138.240097,5137.765708,XHI,0.95,0,no,27,1
2/16/2024,160,315,TA,10,1,Armand,1,T3,M3,,,2410.009837,2411.935833,2410.972835,AMB,1.93,1,no,27,1
2/16/2024,161,316,TA,11,1,Armand,1,T3,Blank,,,5325.055484,5344.144123,5334.599804,XHI,19.09,19,no,27,1
2/16/2024,162,317,TA,12,1,Armand,1,T3,C7,,,2399.045393,2394.848807,2396.9471,AMB,-4.2,4,no,27,1
2/16/2024,163,318,TA,13,2,Armand,1,T3,Blank,,,2538.29179,2540.992533,2539.642162,AMB,2.7,2,no,27,1
2/16/2024,164,319,TA,14,2,Armand,1,T3,C9,,,3594.413229,3595.739638,3595.076434,ELEV,1.33,1,no,27,1
2/16/2024,165,320,TA,15,2,Armand,1,T3,C1,,,4839.431132,4837.893998,4838.662565,HI,-1.54,1,no,27,1
2/16/2024,166,321,TA,16,2,Armand,1,T3,C8,,,2403.020196,2401.616986,2402.318591,AMB,-1.4,1,no,27,1
2/16/2024,167,322,TA,17,2,Armand,1,T3,C5,,,4993.41433,5007.431914,5000.423122,XHI,14.02,14,no,27,1
2/16/2024,168,323,TA,18,2,Armand,1,T3,M2,,,3557.302912,3557.608263,3557.455588,ELEV,0.31,0,no,27,1
2/16/2024,169,324,TA,19,2,Armand,1,T3,S8,,,4493.743094,4493.381712,4493.562403,HI,-0.36,0,no,27,1
2/16/2024,170,325,TA,20,2,Armand,1,T3,S7,,,4837.617118,4837.165654,4837.391386,XHI,-0.45,0,no,27,1
2/16/2024,171,326,TA,21,2,Armand,1,T3,S6,,,2374.294599,2375.677636,2374.986118,AMB,1.38,1,no,27,1
2/16/2024,172,327,TA,22,2,Armand,1,T3,Blank,,,4729.24442,4746.356403,4737.800412,HI,17.11,17,no,27,1
2/16/2024,173,328,TA,23,2,Armand,1,T3,S1,,,3529.479911,3529.56812,3529.524016,ELEV,0.09,0,no,27,1
2/16/2024,174,329,TA,24,2,Armand,1,T3,M9,,,3824.495565,3829.628348,3827.061957,XHI,5.13,5,no,27,1
2/16/2024,175,330,TA,25,3,Armanda,1,T3,S2,,,4759.789916,4758.23624,4759.013078,HI,-1.55,1,no,27,1
2/16/2024,176,331,TA,26,3,Armanda,1,T3,M1,,,4712.909685,4713.559116,4713.234401,XHI,0.65,0,no,27,1
2/16/2024,177,332,TA,27,3,Armanda,1,T3,Blank,,,4979.314047,4984.220151,4981.767099,HI,4.91,4,no,27,1
2/16/2024,178,333,TA,28,3,Armanda,1,T3,M8,,,3833.940553,3834.657978,3834.299266,ELEV,0.72,0,no,27,1
2/16/2024,179,334,TA,29,3,Armanda,1,T3,S5,,,5177.264828,5188.475963,5182.870396,XHI,11.21,11,no,27,1
2/16/2024,180,335,TA,30,3,Armanda,1,T3,C3,,,4724.222224,4724.158277,4724.190251,HI,-0.06,0,no,27,1
2/16/2024,181,336,TA,31,3,Armanda,1,T3,M4,,,2542.027878,2544.447775,2543.237827,AMB,2.42,2,no,27,1
2/16/2024,182,337,TA,32,3,Armanda,1,T3,S4,,,2472.730054,2472.813093,2472.771574,AMB,0.08,0,no,27,1
2/16/2024,183,338,TA,33,3,Armanda,1,T3,Blank,,,3953.20546,3950.106754,3951.656107,ELEV,-3.1,3,no,27,1
2/16/2024,184,339,TA,34,3,Armanda,1,T3,S11,,,3861.855412,3862.922109,3862.388761,ELEV,1.07,1,no,27,1
2/16/2024,185,340,TA,35,3,Armanda,1,T3,C13,,,2471.301255,2471.603761,2471.452508,AMB,0.3,0,no,27,1
2/16/2024,186,341,TA,36,3,Armanda,1,T3,C15,,,5187.288326,5200.597499,5193.942913,XHI,13.31,13,no,27,1
2/16/2024,187,342,TA,37,4,Armanda,1,T3,C6,,,4960.550381,4962.788532,4961.669457,HI,2.24,2,no,27,1
2/16/2024,188,343,TA,38,4,Armanda,1,T3,C12,,,2465.290003,2466.781132,2466.035568,AMB,1.49,1,no,27,1
2/16/2024,189,344,TA,39,4,Armanda,1,T3,S9,,,2499.808902,2502.405396,2501.107149,AMB,2.6,2,no,27,1
2/16/2024,190,345,TA,40,4,Armanda,1,T3,Blank,,,5007.929106,5006.065395,5006.997251,XHI,-1.86,1,no,27,1
2/16/2024,191,346,TA,41,4,Armanda,1,T3,M5,,,5037.757593,5034.123685,5035.940639,HI,-3.63,3,no,27,1
2/16/2024,192,347,TA,42,4,Armanda,1,T3,M6,,,5128.230114,5131.205644,5129.717879,XHI,2.98,2,no,27,1
2/16/2024,193,348,TA,43,4,Armanda,1,T3,S12,,,3842.271263,3840.699493,3841.485378,ELEV,-1.57,1,no,27,1
2/16/2024,194,349,TA,44,4,Armanda,1,T3,Blank,,,2552.292126,2549.261164,2550.776645,AMB,-3.03,3,no,27,1
2/16/2024,195,350,TA,45,4,Armanda,1,T3,C11,,,3811.023415,3818.633162,3814.828289,ELEV,7.61,7,no,27,1
2/16/2024,196,351,TA,46,4,Armanda,1,T3,S15,,,4996.804463,5005.002097,5000.90328,HI,8.2,8,no,27,1
2/16/2024,197,352,TA,47,4,Armanda,1,T3,C14,,,3860.341456,3859.730616,3860.036036,ELEV,-0.61,0,no,27,1
2/16/2024,198,353,TA,48,4,Armanda,1,T3,C16,,,3856.274456,3857.329783,3856.80212,XHI,1.06,1,no,27,1
2/20/2024,201,380,DIC/TA,1,1,Armand,1,T4,S3,33.92188021,3328.060062,4165.980279,4166.595877,4166.288078,HI,0.62,0,no,27,1
2/20/2024,202,392,DIC/TA,2,1,Armand,1,T4,C2,33.78022001,3895.157277,4683.53467,4686.941845,4685.238258,XHI,3.41,3,no,27,1
2/20/2024,203,368,DIC/TA,3,1,Armand,1,T4,Blank,34.11958032,2329.121641,2763.932142,2767.106272,2765.519207,ELEV,3.17,3,no,27,1
2/20/2024,204,381,DIC/TA,4,1,Armand,1,T4,C10,34.09107143,2315.803516,2761.071182,2750.908827,2755.990005,HI,-10.16,10,no,27,1
2/20/2024,205,369,DIC/TA,5,1,Armand,1,T4,C4,34.0359876,2414.064358,2855.46133,2859.130161,2857.295746,ELEV,3.67,3,no,27,1
2/20/2024,206,382,DIC/TA,6,1,Armand,1,T4,M7,34.09072758,2306.903337,2723.624753,2722.146492,2722.885623,HI,-1.48,1,no,27,1
2/20/2024,207,356,DIC/TA,7,1,Armand,1,T4,C18,33.97303266,2368.628468,2743.708407,2743.341179,2743.524793,AMB,-0.37,0,no,27,1
2/20/2024,208,370,DIC/TA,8,1,Armand,1,T4,S14,33.93761958,2914.293679,3524.869041,3532.760933,3528.814987,ELEV,7.89,7,no,27,1
2/20/2024,209,393,DIC/TA,9,1,Armand,1,T4,S10,33.87956448,3954.898906,4804.834905,4808.400333,4806.617619,XHI,3.57,3,no,27,1
2/20/2024,210,357,DIC/TA,10,1,Armand,1,T4,M3,34.07533336,2386.109378,2769.425925,2769.006892,2769.216409,AMB,-0.42,0,no,27,1
2/20/2024,211,394,DIC/TA,11,1,Armand,1,T4,Blank,34.00023202,3239.047193,3926.152747,3922.513917,3924.333332,XHI,-3.64,3,no,27,1
2/20/2024,212,358,DIC/TA,12,1,Armand,1,T4,C7,34.04385681,2346.108062,2706.737837,2706.587598,2706.662718,AMB,-0.15,0,no,27,1
2/20/2024,213,359,DIC/TA,13,2,Armand,1,T4,Blank,34.07926789,2438.275193,2874.409035,2878.093626,2876.251331,AMB,3.68,3,no,27,1
2/20/2024,214,371,DIC/TA,14,2,Armand,1,T4,C9,33.98614845,2759.806589,3326.649378,3328.501802,3327.57559,ELEV,1.85,1,no,27,1
2/20/2024,215,383,DIC/TA,15,2,Armand,1,T4,C1,34.05434905,2155.508332,2506.773129,2508.60885,2507.69099,HI,1.84,1,no,27,1
2/20/2024,216,360,DIC/TA,16,2,Armand,1,T4,C8,34.06056288,2103.261075,2548.633535,2546.973415,2547.803475,AMB,-1.66,1,no,27,1
2/20/2024,217,395,DIC/TA,17,2,Armand,1,T4,C5,34.11861274,2063.427727,2464.01923,2461.882491,2462.950861,XHI,-2.14,2,no,27,1
2/20/2024,218,372,DIC/TA,18,2,Armand,1,T4,M2,34.08548158,2181.253375,2543.297782,2538.895053,2541.096418,ELEV,-4.4,4,no,27,1
2/20/2024,219,384,DIC/TA,19,2,Armand,1,T4,S8,33.92284829,3625.676831,4429.922799,4439.872452,4434.897626,HI,9.95,9,no,27,1
2/20/2024,220,396,DIC/TA,20,2,Armand,1,T4,S7,33.80348747,3809.910522,4650.911487,4646.404944,4648.658216,XHI,-4.51,4,no,27,1
2/20/2024,221,361,DIC/TA,21,2,Armand,1,T4,S6,34.06518504,2238.84364,2622.236724,2627.128588,2624.682656,AMB,4.89,4,no,27,1
2/20/2024,222,385,DIC/TA,22,2,Armand,1,T4,Blank,33.91104372,3487.418156,4411.429213,4411.03369,4411.231452,HI,-0.4,0,no,27,1
2/20/2024,223,373,DIC/TA,23,2,Armand,1,T4,S1,34.08485776,2200.246391,2568.099035,2570.369697,2569.234366,ELEV,2.27,2,no,27,1
2/20/2024,224,397,DIC/TA,24,2,Armand,1,T4,M9,34.04088999,2243.86073,2748.481843,2744.841827,2746.661835,XHI,-3.64,3,no,27,1
2/20/2024,225,386,DIC/TA,25,3,Armanda,1,T4,S2,34.01403501,3786.088163,4698.275232,4701.906346,4700.090789,HI,3.63,3,no,27,1
2/20/2024,226,398,DIC/TA,26,3,Armanda,1,T4,M1,33.85498645,3875.107862,4656.427342,4667.655595,4662.041469,XHI,11.23,11,no,27,1
2/20/2024,227,387,DIC/TA,27,3,Armanda,1,T4,Blank,33.97827898,3415.40833,4174.927194,4173.623575,4174.275385,HI,-1.3,1,no,27,1
2/20/2024,228,374,DIC/TA,28,3,Armanda,1,T4,M8,34.17107125,3069.975498,3762.0314,3769.545057,3765.788229,ELEV,7.51,7,no,27,1
2/20/2024,229,399,DIC/TA,29,3,Armanda,1,T4,S5,33.86319987,4069.348752,5098.780678,5103.800841,5101.29076,XHI,5.02,5,no,27,1
2/20/2024,230,388,DIC/TA,30,3,Armanda,1,T4,C3,34.00319883,3381.752705,4688.272155,4692.256395,4690.264275,HI,3.98,3,no,27,1
2/20/2024,231,362,DIC/TA,31,3,Armanda,1,T4,M4,34.28264058,2179.828589,2524.180544,2524.713789,2524.447167,AMB,0.53,0,no,27,1
2/20/2024,232,363,DIC/TA,32,3,Armanda,1,T4,S4,34.23401951,2090.991947,2400.924807,2397.424376,2399.174592,AMB,-3.5,3,no,27,1
2/20/2024,233,375,DIC/TA,33,3,Armanda,1,T4,Blank,34.197644,3137.393515,3871.43689,3875.344692,3873.390791,ELEV,3.91,3,no,27,1
2/20/2024,234,376,DIC/TA,34,3,Armanda,1,T4,S11,34.21303699,3147.404888,3820.7123,3820.661106,3820.686703,ELEV,-0.05,0,no,27,1
2/20/2024,235,364,DIC/TA,35,3,Armanda,1,T4,C13,34.25106763,2101.957006,2416.886997,2414.672462,2415.77973,AMB,-2.21,2,no,27,1
2/20/2024,236,400,DIC/TA,36,3,Armanda,1,T4,C15,33.79333715,3700.733535,5112.628086,5112.377966,5112.503026,XHI,-0.25,0,no,27,1
2/20/2024,237,389,DIC/TA,37,4,Armanda,1,T4,C6,33.94908043,3322.104995,4791.940249,4792.57423,4792.25724,HI,0.63,0,no,27,1
2/20/2024,238,365,DIC/TA,38,4,Armanda,1,T4,C12,34.21697123,2110.330182,2424.506238,2426.535588,2425.520913,AMB,2.03,2,no,27,1
2/20/2024,239,366,DIC/TA,39,4,Armanda,1,T4,S9,34.22056138,2097.94095,2432.323536,2431.755446,2432.039491,AMB,-0.57,0,no,27,1
2/20/2024,240,401,DIC/TA,40,4,Armanda,1,T4,Blank,34.12648161,3438.155052,4206.079732,4201.595972,4203.837852,XHI,-4.48,4,no,27,1
2/20/2024,241,390,DIC/TA,41,4,Armanda,1,T4,M5,34.1143344,3777.658819,4738.461965,4740.40619,4739.434078,HI,1.94,1,no,27,1
2/20/2024,242,402,DIC/TA,42,4,Armanda,1,T4,M6,33.76482259,3642.524216,5051.266476,5054.360285,5052.813381,XHI,3.09,3,no,27,1
2/20/2024,243,377,DIC/TA,43,4,Armanda,1,T4,S12,34.14712115,3082.881926,3764.028244,3764.813705,3764.420975,ELEV,0.79,0,no,27,1
2/20/2024,244,367,DIC/TA,44,4,Armanda,1,T4,Blank,34.34260972,2144.047277,2512.634842,2513.926363,2513.280603,AMB,1.29,1,no,27,1
2/20/2024,245,378,DIC/TA,45,4,Armanda,1,T4,C11,34.15795676,3054.224198,3739.341248,3740.223561,3739.782405,ELEV,0.88,0,no,27,1
2/20/2024,246,391,DIC/TA,46,4,Armanda,1,T4,S15,34.03205298,3681.878145,4778.322444,4779.603749,4778.963097,HI,1.28,1,no,27,1
2/20/2024,247,379,DIC/TA,47,4,Armanda,1,T4,C14,34.19074281,3126.117658,3851.414051,3853.061341,3852.237696,ELEV,1.65,1,no,27,1
2/20/2024,248,403,DIC/TA,48,4,Armanda,1,T4,C16,33.81301268,4160.644052,5068.740476,5073.300867,5071.020672,XHI,4.56,4,no,27,1
2/23/2024,251,430,TA,1,1,Armand,1,T5,S3,,,4262.045549,4264.399656,4263.222603,HI,2.35,2,no,27,1
2/23/2024,252,442,TA,2,1,Armand,1,T5,C2,,,4247.318246,4253.112235,4250.215241,XHI,5.79,5,no,27,1
2/23/2024,253,418,TA,3,1,Armand,1,T5,Blank,,,3273.743851,3276.387075,3275.065463,ELEV,2.64,2,no,27,1
2/23/2024,254,431,TA,4,1,Armand,1,T5,C10,,,4106.08007,4103.489131,4104.784601,HI,-2.59,2,no,27,1
2/23/2024,255,419,TA,5,1,Armand,1,T5,C4,,,3412.968558,3414.459709,3413.714134,ELEV,1.49,1,no,27,1
2/23/2024,256,432,TA,6,1,Armand,1,T5,M7,,,3913.175165,3911.091812,3912.133489,HI,-2.08,2,no,27,1
2/23/2024,257,406,TA,7,1,Armand,1,T5,C18,,,2428.926376,2432.459588,2430.692982,AMB,3.53,3,no,27,1
2/23/2024,258,420,TA,8,1,Armand,1,T5,S14,,,3431.106695,3432.312283,3431.709489,ELEV,1.21,1,no,27,1
2/23/2024,259,443,TA,9,1,Armand,1,T5,S10,,,4593.032522,4596.509962,4594.771242,XHI,3.48,3,no,27,1
2/23/2024,260,407,TA,10,1,Armand,1,T5,M3,,,2340.250652,2340.614242,2340.432447,AMB,0.36,0,no,27,1
2/23/2024,261,444,TA,11,1,Armand,1,T5,Blank,,,4629.403523,4629.507129,4629.455326,XHI,0.1,0,no,27,1
2/23/2024,262,408,TA,12,1,Armand,1,T5,C7,,,2348.886172,2353.083131,2350.984652,AMB,4.2,4,no,27,1
2/23/2024,263,409,TA,13,2,Armand,1,T5,Blank,,,2467.16142,2468.187425,2467.674423,AMB,1.03,1,no,27,1
2/23/2024,264,421,TA,14,2,Armand,1,T5,C9,,,3622.514345,3624.147248,3623.330797,ELEV,1.63,1,no,27,1
2/23/2024,265,433,TA,15,2,Armand,1,T5,C1,,,3240.410543,3237.349829,3238.880186,HI,-3.06,3,no,27,1
2/23/2024,266,410,TA,16,2,Armand,1,T5,C8,,,2434.327659,2436.63104,2435.47935,AMB,2.3,2,no,27,1
2/23/2024,267,445,TA,17,2,Armand,1,T5,C5,,,3171.366985,3163.370749,3167.368867,XHI,-8,7,no,27,1
2/23/2024,268,422,TA,18,2,Armand,1,T5,M2,,,3453.464875,3452.079999,3452.772437,ELEV,-1.38,1,no,27,1
2/23/2024,269,434,TA,19,2,Armand,1,T5,S8,,,3501.7914,3503.443794,3502.617597,HI,1.65,1,no,27,1
2/23/2024,270,446,TA,20,2,Armand,1,T5,S7,,,4257.273655,4260.977572,4259.125614,XHI,3.7,3,no,27,1
2/23/2024,271,411,TA,21,2,Armand,1,T5,S6,,,2408.863042,2412.452069,2410.657556,AMB,3.59,3,no,27,1
2/23/2024,272,435,TA,22,2,Armand,1,T5,Blank,,,4127.474856,4131.930851,4129.702854,HI,4.46,4,no,27,1
2/23/2024,273,423,TA,23,2,Armand,1,T5,S1,,,3458.182718,3457.775467,3457.979093,ELEV,-0.41,0,no,27,1
2/23/2024,274,447,TA,24,2,Armand,1,T5,M9,,,4126.348203,4124.67211,4125.510157,XHI,-1.68,1,no,27,1
2/23/2024,275,436,TA,25,3,Armanda,1,T5,S2,,,4312.214137,4314.0537,4313.133919,HI,1.84,1,no,27,1
2/23/2024,276,448,TA,26,3,Armanda,1,T5,M1,,,4665.556236,4667.492388,4666.524312,XHI,1.94,1,no,27,1
2/23/2024,277,437,TA,27,3,Armanda,1,T5,Blank,,,4239.04526,4236.09229,4237.568775,HI,-2.95,2,no,27,1
2/23/2024,278,424,TA,28,3,Armanda,1,T5,M8,,,4064.587543,4069.149669,4066.868606,ELEV,4.56,4,no,27,1
2/23/2024,279,449,TA,29,3,Armanda,1,T5,S5,,,3965.15497,3960.116082,3962.635526,XHI,-5.04,5,no,27,1
2/23/2024,280,438,TA,30,3,Armanda,1,T5,C3,,,4803.514929,4801.954502,4802.734716,HI,-1.56,1,no,27,1
2/23/2024,281,412,TA,31,3,Armanda,1,T5,M4,,,3384.203416,3390.617661,3387.410539,AMB,6.41,6,no,27,1
2/23/2024,282,413,TA,32,3,Armanda,1,T5,S4,,,2602.559892,2605.320473,2603.940183,AMB,2.76,2,no,27,1
2/23/2024,283,425,TA,33,3,Armanda,1,T5,Blank,,,3353.884008,3350.369429,3352.126719,ELEV,-3.51,3,no,27,1
2/23/2024,284,426,TA,34,3,Armanda,1,T5,S11,,,3497.3905,3499.355235,3498.372868,ELEV,1.96,1,no,27,1
2/23/2024,285,414,TA,35,3,Armanda,1,T5,C13,,,2851.070604,2853.386257,2852.228431,AMB,2.32,2,no,27,1
2/23/2024,286,450,TA,36,3,Armanda,1,T5,C15,,,3942.265363,3942.023026,3942.144195,XHI,-0.24,0,no,27,1
2/23/2024,287,439,TA,37,4,Armanda,1,T5,C6,,,3886.976975,3885.937969,3886.457472,HI,-1.04,1,no,27,1
2/23/2024,288,415,TA,38,4,Armanda,1,T5,C12,,,3124.348713,3127.675601,3126.012157,AMB,3.33,3,no,27,1
2/23/2024,289,416,TA,39,4,Armanda,1,T5,S9,,,2533.37858,2530.952088,2532.165334,AMB,-2.43,2,no,27,1
2/23/2024,290,451,TA,40,4,Armanda,1,T5,Blank,,,3505.659743,3501.6407,3503.650222,XHI,-4.02,4,no,27,1
2/23/2024,291,440,TA,41,4,Armanda,1,T5,M5,,,4262.661631,4265.013274,4263.837453,HI,2.35,2,no,27,1
2/23/2024,292,452,TA,42,4,Armanda,1,T5,M6,,,4541.715554,4545.842664,4543.779109,XHI,4.13,4,no,27,1
2/23/2024,293,427,TA,43,4,Armanda,1,T5,S12,,,4330.122067,4340.031191,4335.076629,ELEV,9.91,9,no,27,1
2/23/2024,294,417,TA,44,4,Armanda,1,T5,Blank,,,3097.40492,3097.888073,3097.646497,AMB,0.48,0,no,27,1
2/23/2024,295,428,TA,45,4,Armanda,1,T5,C11,,,3126.755148,3125.153315,3125.954232,ELEV,-1.6,1,no,27,1
2/23/2024,296,441,TA,46,4,Armanda,1,T5,S15,,,3573.360968,3569.557433,3571.459201,HI,-3.8,3,no,27,1
2/23/2024,297,429,TA,47,4,Armanda,1,T5,C14,,,3918.754179,3919.065156,3918.909668,ELEV,0.31,0,no,27,1
2/23/2024,298,453,TA,48,4,Armanda,1,T5,C16,,,4264.07884,4265.670984,4264.874912,XHI,1.59,1,no,27,1
2/27/2024,301,480,DIC/TA,1,1,Armand,1,T6,S3,35.07700259,3634.196379,4496.59856,4504.000972,4500.299766,HI,7.4,7,no,27,1
2/27/2024,302,492,DIC/TA,2,1,Armand,1,T6,C2,35.17534133,3152.783603,3872.618665,3868.039931,3870.329298,XHI,-4.58,4,no,27,1
2/27/2024,303,468,DIC/TA,3,1,Armand,1,T6,Blank,35.30639177,3079.686471,3757.341685,3764.30381,3760.822748,ELEV,6.96,6,no,27,1
2/27/2024,304,481,DIC/TA,4,1,Armand,1,T6,C10,35.14083911,3634.365985,4481.258434,4481.272242,4481.265338,HI,0.01,0,no,27,1
2/27/2024,305,469,DIC/TA,5,1,Armand,1,T6,C4,35.38205059,2984.367062,3615.359871,3613.941334,3614.650603,ELEV,-1.42,1,no,27,1
2/27/2024,306,482,DIC/TA,6,1,Armand,1,T6,M7,35.07176314,3620.106483,4362.482152,4364.426444,4363.454298,HI,1.94,1,no,27,1
2/27/2024,307,456,DIC/TA,7,1,Armand,1,T6,C18,35.39419033,2154.435873,2496.112611,2497.556064,2496.834338,AMB,1.44,1,no,27,1
2/27/2024,308,470,DIC/TA,8,1,Armand,1,T6,S14,35.12905076,2799.087332,3587.784794,3588.185513,3587.985154,ELEV,0.4,0,no,27,1
2/27/2024,309,493,DIC/TA,9,1,Armand,1,T6,S10,34.99022856,4180.635005,5043.078808,5050.380364,5046.729586,XHI,7.3,7,no,27,1
2/27/2024,310,457,DIC/TA,10,1,Armand,1,T6,M3,35.2621816,2109.024273,2433.399996,2432.993832,2433.196914,AMB,-0.41,0,no,27,1
2/27/2024,311,494,DIC/TA,11,1,Armand,1,T6,Blank,35.00877557,4047.747666,5026.251132,5027.053161,5026.652147,XHI,0.8,0,no,27,1
2/27/2024,312,458,DIC/TA,12,1,Armand,1,T6,C7,35.31853189,2077.653804,2409.457392,2411.204087,2410.33074,AMB,1.75,1,no,27,1
2/27/2024,313,459,DIC/TA,13,2,Armand,1,T6,Blank,35.37156735,2139.479135,2492.993693,2493.631199,2493.312446,AMB,0.64,0,no,27,1
2/27/2024,314,471,DIC/TA,14,2,Armand,1,T6,C9,35.21038004,2977.53052,3631.853714,3632.531953,3632.192834,ELEV,0.68,0,no,27,1
2/27/2024,315,483,DIC/TA,15,2,Armand,1,T6,C1,35.07734799,3878.878253,4719.042691,4722.962086,4721.002389,HI,3.92,3,no,27,1
2/27/2024,316,460,DIC/TA,16,2,Armand,1,T6,C8,35.25397271,2076.141873,2434.018743,2435.219113,2434.618928,AMB,1.2,1,no,27,1
2/27/2024,317,495,DIC/TA,17,2,Armand,1,T6,C5,34.96051824,4096.036446,5001.789817,5001.231153,5001.510485,XHI,-0.56,0,no,27,1
2/27/2024,318,472,DIC/TA,18,2,Armand,1,T6,M2,35.2251416,2959.631642,3612.139709,3609.222501,3610.681105,ELEV,-2.92,2,no,27,1
2/27/2024,319,484,DIC/TA,19,2,Armand,1,T6,S8,35.06521381,2978.312191,4436.184046,4432.356387,4434.270217,HI,-3.83,3,no,27,1
2/27/2024,320,496,DIC/TA,20,2,Armand,1,T6,S7,34.90374803,3979.564895,4872.187128,4873.867924,4873.027526,XHI,1.68,1,no,27,1
2/27/2024,321,461,DIC/TA,21,2,Armand,1,T6,S6,35.32997985,2084.697268,2411.865598,2413.294979,2412.580289,AMB,1.43,1,no,27,1
2/27/2024,322,485,DIC/TA,22,2,Armand,1,T6,Blank,35.09272084,3591.283927,4465.659715,4467.171083,4466.415399,HI,1.51,1,no,27,1
2/27/2024,323,473,DIC/TA,23,2,Armand,1,T6,S1,35.27363003,2929.598206,3600.017049,3597.988394,3599.002722,ELEV,-2.03,2,no,27,1
2/27/2024,324,497,DIC/TA,24,2,Armand,1,T6,M9,34.9732412,3952.681924,4937.308579,4935.922031,4936.615305,XHI,-1.39,1,no,27,1
2/27/2024,325,486,DIC/TA,25,3,Armanda,1,T6,S2,35.01897607,3801.242509,4150.385448,4148.844571,4149.61501,HI,-1.54,1,no,27,1
2/27/2024,326,498,DIC/TA,26,3,Armanda,1,T6,M1,34.73625443,3826.874442,3835.909997,3828.711926,3832.310962,XHI,-7.2,7,no,27,1
2/27/2024,327,487,DIC/TA,27,3,Armanda,1,T6,Blank,34.92863746,3399.2931,4841.20873,4843.156562,4842.182646,HI,1.95,1,no,27,1
2/27/2024,328,474,DIC/TA,28,3,Armanda,1,T6,M8,35.03892088,3068.928149,3705.794526,3703.083085,3704.438806,ELEV,-2.71,2,no,27,1
2/27/2024,329,499,DIC/TA,29,3,Armanda,1,T6,S5,34.75460642,3920.874201,3676.099747,3676.777727,3676.438737,XHI,0.68,0,yes,27,1
2/27/2024,330,488,DIC/TA,30,3,Armanda,1,T6,C3,35.01313146,3805.080017,4678.041931,4680.055544,4679.048738,HI,2.01,2,no,27,1
2/27/2024,331,462,DIC/TA,31,3,Armanda,1,T6,M4,35.27135502,2143.023382,2470.338622,2471.966713,2471.152668,AMB,1.63,1,no,27,1
2/27/2024,332,463,DIC/TA,32,3,Armanda,1,T6,S4,35.25528321,2060.741267,2351.449367,2351.155336,2351.302352,AMB,-0.29,0,no,27,1
2/27/2024,333,475,DIC/TA,33,3,Armanda,1,T6,Blank,35.14773368,3156.97755,3891.056562,3893.58954,3892.323051,ELEV,2.53,2,no,27,1
2/27/2024,334,476,DIC/TA,34,3,Armanda,1,T6,S11,35.14283995,3144.703174,3822.110177,3818.059265,3820.084721,ELEV,-4.05,4,no,27,1
2/27/2024,335,464,DIC/TA,35,3,Armanda,1,T6,C13,35.29687255,2064.474182,2366.708776,2369.401656,2368.055216,AMB,2.69,2,no,27,1
2/27/2024,336,500,DIC/TA,36,3,Armanda,1,T6,C15,34.84086802,4259.059355,3742.30068,3743.701549,3743.001115,XHI,1.4,1,yes,27,1
2/27/2024,337,489,DIC/TA,37,4,Armanda,1,T6,C6,35.11140409,3795.338147,4703.801884,4705.983321,4704.892603,HI,2.18,2,no,27,1
2/27/2024,338,465,DIC/TA,38,4,Armanda,1,T6,C12,35.31984234,2068.4534,2386.825134,2386.265709,2386.545422,AMB,-0.56,0,no,27,1
2/27/2024,339,466,DIC/TA,39,4,Armanda,1,T6,S9,35.24121362,2052.647151,2367.318288,2369.351553,2368.334921,AMB,2.03,2,no,27,1
2/27/2024,340,501,DIC/TA,40,4,Armanda,1,T6,Blank,34.75557226,3827.887413,3877.619574,3883.293505,3880.45654,XHI,5.67,5,no,27,1
2/27/2024,341,490,DIC/TA,41,4,Armanda,1,T6,M5,35.09568597,3826.175996,4732.575396,4733.877349,4733.226373,HI,1.3,1,no,27,1
2/27/2024,342,502,DIC/TA,42,4,Armanda,1,T6,M6,34.83728291,3891.197107,4095.291985,4099.161243,4097.226614,XHI,3.87,3,no,27,1
2/27/2024,343,477,DIC/TA,43,4,Armanda,1,T6,S12,35.19665584,3089.771091,3784.331738,3787.160424,3785.746081,ELEV,2.83,2,no,27,1
2/27/2024,344,467,DIC/TA,44,4,Armanda,1,T6,Blank,35.31722143,2129.286302,2491.567239,2491.789022,2491.678131,AMB,0.22,0,no,27,1
2/27/2024,345,478,DIC/TA,45,4,Armanda,1,T6,C11,35.27983647,3074.192152,3761.708292,3766.759017,3764.233655,ELEV,5.05,5,no,27,1
2/27/2024,346,491,DIC/TA,46,4,Armanda,1,T6,S15,35.06259407,3807.665246,4951.914483,4954.587859,4953.251171,HI,2.67,2,no,27,1
2/27/2024,347,479,DIC/TA,47,4,Armanda,1,T6,C14,35.27528648,3108.739983,3791.542072,3793.547707,3792.54489,ELEV,2.01,2,no,27,1
3/1/2024,351,530,TA,1,1,Armand,1,T7,S3,,,3073.076,3046.447,3059.7615,HI,-26.63,26,no,27,1
3/1/2024,352,542,TA,2,1,Armand,1,T7,C2,,,3871.747938,3875.561578,3873.654758,XHI,3.81,3,no,27,1
3/1/2024,353,518,TA,3,1,Armand,1,T7,Blank,,,3794.358834,3794.744953,3794.551894,ELEV,0.39,0,no,27,1
3/1/2024,354,531,TA,4,1,Armand,1,T7,C10,,,2322.338543,2319.81903,2321.078787,HI,-2.52,2,no,27,1
3/1/2024,355,519,TA,5,1,Armand,1,T7,C4,,,3525.81531,3523.97514,3524.895225,ELEV,-1.84,1,no,27,1
3/1/2024,356,532,TA,6,1,Armand,1,T7,M7,,,2342.66055,2345.206608,2343.933579,HI,2.55,2,no,27,1
3/1/2024,357,506,TA,7,1,Armand,1,T7,C18,,,2426.683359,2429.110301,2427.89683,AMB,2.43,2,no,27,1
3/1/2024,358,520,TA,8,1,Armand,1,T7,S14,,,3587.621276,3588.842443,3588.23186,ELEV,1.22,1,no,27,1
3/1/2024,359,543,TA,9,1,Armand,1,T7,S10,,,2740.597791,2737.659068,2739.12843,XHI,-2.94,2,yes,27,1
3/1/2024,360,507,TA,10,1,Armand,1,T7,M3,,,2350.397942,2346.466113,2348.432028,AMB,-3.93,3,no,27,1
3/1/2024,361,544,TA,11,1,Armand,1,T7,Blank,,,3561.227046,3567.551725,3564.389386,XHI,6.32,6,no,27,1
3/1/2024,362,508,TA,12,1,Armand,1,T7,C7,,,2386.142122,2388.907272,2387.524697,AMB,2.77,2,no,27,1
3/1/2024,363,509,TA,13,2,Armand,1,T7,Blank,,,2499.800083,2501.652518,2500.726301,AMB,1.85,1,no,27,1
3/1/2024,364,521,TA,14,2,Armand,1,T7,C9,,,3563.467248,3563.745617,3563.606433,ELEV,0.28,0,no,27,1
3/1/2024,365,533,TA,15,2,Armand,1,T7,C1,,,2548.049427,2553.067921,2550.558674,HI,5.02,5,no,27,1
3/1/2024,366,510,TA,16,2,Armand,1,T7,C8,,,2443.519934,2439.199742,2441.359838,AMB,-4.32,4,no,27,1
3/1/2024,367,545,TA,17,2,Armand,1,T7,C5,,,4163.986563,4167.906119,4165.946341,XHI,3.92,3,no,27,1
3/1/2024,368,522,TA,18,2,Armand,1,T7,M2,,,3293.997823,3292.89179,3293.444807,ELEV,-1.11,1,no,27,1
3/1/2024,369,534,TA,19,2,Armand,1,T7,S8,,,3856.067281,3861.433309,3858.750295,HI,5.37,5,no,27,1
3/1/2024,370,546,TA,20,2,Armand,1,T7,S7,,,4337.083375,4335.132343,4336.107859,XHI,-1.95,1,no,27,1
3/1/2024,371,511,TA,21,2,Armand,1,T7,S6,,,2356.996664,2356.55901,2356.777837,AMB,-0.44,0,no,27,1
3/1/2024,372,535,TA,22,2,Armand,1,T7,Blank,,,2282.147127,2282.551781,2282.349454,HI,0.4,0,no,27,1
3/1/2024,373,523,TA,23,2,Armand,1,T7,S1,,,3621.59573,3624.790454,3623.193092,ELEV,3.19,3,no,27,1
3/1/2024,374,547,TA,24,2,Armand,1,T7,M9,,,4354.567526,4354.567916,4354.567721,XHI,0,0,no,27,1
3/1/2024,375,536,TA,25,3,Armanda,1,T7,S2,,,2451.176432,2448.166893,2449.671663,HI,-3.01,3,no,27,1
3/1/2024,376,548,TA,26,3,Armanda,1,T7,M1,,,2946.583165,2949.28448,2947.933823,XHI,2.7,2,yes,27,1
3/1/2024,377,537,TA,27,3,Armanda,1,T7,Blank,,,2790.277027,2792.325715,2791.301371,HI,2.05,2,yes,27,1
3/1/2024,378,524,TA,28,3,Armanda,1,T7,M8,,,3631.15773,3633.326819,3632.242275,ELEV,2.17,2,no,27,1
3/1/2024,379,549,TA,29,3,Armanda,1,T7,S5,,,3539.022744,3544.821929,3541.922337,XHI,5.8,5,no,27,1
3/1/2024,380,538,TA,30,3,Armanda,1,T7,C3,,,2716.568638,2721.625889,2719.097264,HI,5.06,5,yes,27,1
3/1/2024,381,512,TA,31,3,Armanda,1,T7,M4,,,2520.885969,2521.687858,2521.286914,AMB,0.8,0,no,27,1
3/1/2024,382,513,TA,32,3,Armanda,1,T7,S4,,,2319.245064,2320.798988,2320.022026,AMB,1.55,1,no,27,1
3/1/2024,383,525,TA,33,3,Armanda,1,T7,Blank,,,3787.887208,3791.237907,3789.562558,ELEV,3.35,3,no,27,1
3/1/2024,384,526,TA,34,3,Armanda,1,T7,S11,,,3643.68469,3643.834635,3643.759663,ELEV,0.15,0,no,27,1
3/1/2024,385,514,TA,35,3,Armanda,1,T7,C13,,,2389.572657,2390.031969,2389.802313,AMB,0.46,0,no,27,1
3/1/2024,386,550,TA,36,3,Armanda,1,T7,C15,,,2996.190208,2991.710109,2993.950159,XHI,-4.48,4,yes,27,1
3/1/2024,387,539,TA,37,4,Armanda,1,T7,C6,,,2546.833632,2548.531739,2547.682686,HI,1.7,1,yes,27,1
3/1/2024,388,515,TA,38,4,Armanda,1,T7,C12,,,2442.57912,2438.308176,2440.443648,AMB,-4.27,4,no,27,1
3/1/2024,389,516,TA,39,4,Armanda,1,T7,S9,,,2354.723553,2354.063567,2354.39356,AMB,-0.66,0,no,27,1
3/1/2024,390,551,TA,40,4,Armanda,1,T7,Blank,,,4294.069372,4296.274305,4295.171839,XHI,2.2,2,no,27,1
3/1/2024,391,540,TA,41,4,Armanda,1,T7,M5,,,2988.37352,2991.852105,2990.112813,HI,3.48,3,yes,27,1
3/1/2024,392,552,TA,42,4,Armanda,1,T7,M6,,,2944.636851,2937.860258,2941.248555,XHI,-6.78,6,yes,27,1
3/1/2024,393,527,TA,43,4,Armanda,1,T7,S12,,,2365.50661,2360.748206,2363.127408,ELEV,-4.76,4,no,27,1
3/1/2024,394,517,TA,44,4,Armanda,1,T7,Blank,,,2524.005302,2526.654372,2525.329837,AMB,2.65,2,no,27,1
3/1/2024,395,528,TA,45,4,Armanda,1,T7,C11,,,2318.949536,2317.084121,2318.016829,ELEV,-1.87,1,no,27,1
3/1/2024,396,541,TA,46,4,Armanda,1,T7,S15,,,2683.146665,2683.682093,2683.414379,HI,0.54,0,yes,27,1
3/1/2024,397,529,TA,47,4,Armanda,1,T7,C14,,,2183.835876,2182.729244,2183.28256,ELEV,-1.11,1,no,27,1
3/1/2024,398,553,TA,48,4,Armanda,1,T7,C16,,,3034.127035,3030.050244,3032.08864,XHI,-4.08,4,yes,27,1
3/5/2024,401,580,DIC/TA,1,1,Armand,1,T8,S3,33.97172108,3811.867015,4700.891282,4704.45233,4702.671806,HI,3.56,3,no,27,1
3/5/2024,402,592,DIC/TA,2,1,Armand,1,T8,C2,33.88218777,4083.59959,3852.815747,3837.996591,3845.406169,XHI,-14.82,14,yes,27,1
3/5/2024,403,568,DIC/TA,3,1,Armand,1,T8,Blank,34.18943138,3190.692968,3839.858486,3843.701642,3841.780064,ELEV,3.84,3,no,27,1
3/5/2024,404,581,DIC/TA,4,1,Armand,1,T8,C10,34.12517013,3834.641596,4689.759191,4693.484243,4691.621717,HI,3.73,3,no,27,1
3/5/2024,405,569,DIC/TA,5,1,Armand,1,T8,C4,34.33936482,2952.677052,3745.417817,3745.398792,3745.408305,ELEV,-0.02,0,no,27,1
3/5/2024,406,582,DIC/TA,6,1,Armand,1,T8,M7,34.25500179,3824.542183,4641.134886,4636.702424,4638.918655,HI,-4.43,4,no,27,1
3/5/2024,407,556,DIC/TA,7,1,Armand,1,T8,C18,34.24319929,2183.485736,2495.642687,2494.800792,2495.22174,AMB,-0.84,0,no,27,1
3/5/2024,408,570,DIC/TA,8,1,Armand,1,T8,S14,34.29968587,3069.367701,3660.558715,3661.046503,3660.802609,ELEV,0.49,0,no,27,1
3/5/2024,409,593,DIC/TA,9,1,Armand,1,T8,S10,33.91891344,3889.768257,4414.811931,4416.40712,4415.609526,XHI,1.6,1,yes,27,1
3/5/2024,410,557,DIC/TA,10,1,Armand,1,T8,M3,34.28954065,2176.584095,2477.104716,2477.188452,2477.146584,AMB,0.08,0,no,27,1
3/5/2024,411,594,DIC/TA,11,1,Armand,1,T8,Blank,33.832688,3791.873403,3998.499795,4000.928552,3999.714174,XHI,2.43,2,yes,27,1
3/5/2024,412,558,DIC/TA,12,1,Armand,1,T8,C7,34.27860658,2158.367466,2457.33815,2454.98333,2456.16074,AMB,-2.35,2,no,27,1
3/5/2024,413,559,DIC/TA,13,2,Armand,1,T8,Blank,34.30361937,2213.614833,2534.069407,2536.626309,2535.347858,AMB,2.56,2,no,27,1
3/5/2024,414,571,DIC/TA,14,2,Armand,1,T8,C9,34.39277663,3050.406947,3641.327752,3644.039475,3642.683614,ELEV,2.71,2,no,27,1
3/5/2024,415,583,DIC/TA,15,2,Armand,1,T8,C1,33.97924692,3929.856606,4570.165277,4566.175826,4568.170552,HI,-3.99,3,no,27,1
3/5/2024,416,560,DIC/TA,16,2,Armand,1,T8,C8,34.42230956,2135.897065,2423.261222,2422.41588,2422.838551,AMB,-0.85,0,no,27,1
3/5/2024,417,595,DIC/TA,17,2,Armand,1,T8,C5,33.9835253,4180.304086,3808.364621,3810.315657,3809.340139,XHI,1.95,1,yes,27,1
3/5/2024,418,572,DIC/TA,18,2,Armand,1,T8,M2,34.28657412,3116.982024,3747.280157,3746.925033,3747.102595,ELEV,-0.36,0,no,27,1
3/5/2024,419,584,DIC/TA,19,2,Armand,1,T8,S8,34.15105552,3714.862103,4465.491963,4468.019121,4466.755542,HI,2.53,2,no,27,1
3/5/2024,420,596,DIC/TA,20,2,Armand,1,T8,S7,33.92878186,4054.156722,3926.118254,3935.861654,3930.989954,XHI,9.74,9,yes,27,1
3/5/2024,421,561,DIC/TA,21,2,Armand,1,T8,S6,34.4989731,2145.650531,2445.383882,2444.736052,2445.059967,AMB,-0.65,0,no,27,1
3/5/2024,422,585,DIC/TA,22,2,Armand,1,T8,Blank,34.05662832,3216.714905,4470.504903,4472.237072,4471.370988,HI,1.73,1,no,27,1
3/5/2024,423,573,DIC/TA,23,2,Armand,1,T8,S1,34.28264058,3089.294664,3708.835956,3712.378498,3710.607227,ELEV,3.54,3,no,27,1
3/5/2024,424,597,DIC/TA,24,2,Armand,1,T8,M9,33.98649211,3737.038879,5140.880421,5145.267886,5143.074154,XHI,4.39,4,no,27,1
3/5/2024,425,586,DIC/TA,25,3,Armanda,1,T8,S2,34.1317275,3972.417707,3341.089301,3345.52613,3343.307716,HI,4.44,4,yes,27,1
3/5/2024,426,598,DIC/TA,26,3,Armanda,1,T8,M1,33.73071727,3964.004264,3840.525,3845.133,3842.829,XHI,4.61,4,no,27,1
3/5/2024,427,587,DIC/TA,27,3,Armanda,1,T8,Blank,34.09369443,3546.185826,4041.957705,4045.465452,4043.711579,HI,3.51,3,no,27,1
3/5/2024,428,574,DIC/TA,28,3,Armanda,1,T8,M8,34.18190679,3114.287028,3703.55215,3703.189239,3703.370695,ELEV,-0.36,0,no,27,1
3/5/2024,429,599,DIC/TA,29,3,Armanda,1,T8,S5,33.79499217,3888.021224,5210.024,5219.131,5214.5775,XHI,9.11,9,no,27,1
3/5/2024,430,588,DIC/TA,30,3,Armanda,1,T8,C3,34.15236698,3495.079015,3413.617478,3399.915603,3406.766541,HI,-13.7,13,yes,27,1
3/5/2024,431,562,DIC/TA,31,3,Armanda,1,T8,M4,34.29181883,2199.090495,2499.601756,2500.450079,2500.025918,AMB,0.85,0,no,27,1
3/5/2024,432,563,DIC/TA,32,3,Armanda,1,T8,S4,34.29147466,2149.162733,2407.123517,2404.958626,2406.041072,AMB,-2.16,2,no,27,1
3/5/2024,433,575,DIC/TA,33,3,Armanda,1,T8,Blank,34.12254718,3237.000476,3889.718433,3892.089203,3890.903818,ELEV,2.37,2,no,27,1
3/5/2024,434,576,DIC/TA,34,3,Armanda,1,T8,S11,34.15795676,2911.146012,3803.97097,3806.802852,3805.386911,ELEV,2.83,2,no,27,1
3/5/2024,435,564,DIC/TA,35,3,Armanda,1,T8,C13,34.33149794,2161.483102,2446.029271,2444.963132,2445.496202,AMB,-1.07,1,no,27,1
3/5/2024,436,600,DIC/TA,36,3,Armanda,1,T8,C15,34.01665813,4795.229469,3727.493,3722.314,3724.9035,XHI,-5.18,5,no,27,1
3/5/2024,437,589,DIC/TA,37,4,Armanda,1,T8,C6,33.95826158,3778.422449,3405.758203,3405.248904,3405.503554,HI,-0.51,0,yes,27,1
3/5/2024,438,565,DIC/TA,38,4,Armanda,1,T8,C12,34.26845978,2131.388889,2396.824619,2397.294514,2397.059567,AMB,0.47,0,no,27,1
3/5/2024,439,566,DIC/TA,39,4,Armanda,1,T8,S9,34.21993815,2116.626002,2387.395595,2387.029718,2387.212657,AMB,-0.37,0,no,27,1
3/5/2024,440,601,DIC/TA,40,4,Armanda,1,T8,Blank,34.09175916,4256.402099,4794.237,4793.026,4793.6315,XHI,-1.21,1,no,27,1
3/5/2024,441,590,DIC/TA,41,4,Armanda,1,T8,M5,34.10908847,4059.901047,3712.617287,3695.542394,3704.079841,HI,-17.07,17,yes,27,1
3/5/2024,442,602,DIC/TA,42,4,Armanda,1,T8,M6,33.90779587,4217.878849,5002.3,5003.25,5002.775,XHI,0.95,0,no,27,1
3/5/2024,443,577,DIC/TA,43,4,Armanda,1,T8,S12,34.12910456,3098.086861,3704.337178,3705.095709,3704.716444,ELEV,0.76,0,no,27,1
3/5/2024,444,567,DIC/TA,44,4,Armanda,1,T8,Blank,34.26942698,2207.877673,2513.300679,2514.686836,2513.993758,AMB,1.39,1,no,27,1
3/5/2024,445,578,DIC/TA,45,4,Armanda,1,T8,C11,34.13531799,3179.432043,3829.826994,3828.721487,3829.274241,ELEV,-1.11,1,no,27,1
3/5/2024,446,591,DIC/TA,46,4,Armanda,1,T8,S15,33.9976089,4009.910221,3423.257723,3424.807112,3424.032418,HI,1.55,1,yes,27,1
3/5/2024,447,579,DIC/TA,47,4,Armanda,1,T8,C14,34.25728041,2961.433357,3753.973117,3753.078957,3753.526037,ELEV,-0.89,0,no,27,1
3/5/2024,448,603,DIC/TA,48,4,Armanda,1,T8,C16,33.94845601,3818.188121,4639.364,4639.195,4639.2795,XHI,-0.17,0,no,27,1
3/11/2024,451,630,DIC/TA,1,1,Armand,1,T9,S3,33.41552713,3234.684056,3393.764,3391.359,3392.5615,HI,-2.41,2,no,27,1
3/11/2024,452,642,DIC/TA,2,1,Armand,1,T9,C2,33.41552713,3671.852272,4422.686,4430.443,4426.5645,XHI,7.76,7,no,27,1
3/11/2024,453,618,DIC/TA,3,1,Armand,1,T9,Blank,33.66872068,2810.914383,3671.852,3676.24,3674.046,ELEV,4.39,4,no,27,1
3/11/2024,454,631,DIC/TA,4,1,Armand,1,T9,C10,33.39847143,3234.943359,2823.717,2819.868,2821.7925,HI,-3.85,3,yes,27,1
3/11/2024,455,619,DIC/TA,5,1,Armand,1,T9,C4,33.68086991,2828.87959,3723.939,3726.375,3725.157,ELEV,2.44,2,no,27,1
3/11/2024,456,632,DIC/TA,6,1,Armand,1,T9,M7,33.55196725,3449.991164,2905.13,2908.791,2906.9605,HI,3.66,3,yes,27,1
3/11/2024,457,606,DIC/TA,7,1,Armand,1,T9,C18,33.75039349,2064.614279,2526.112057,2523.816,2524.964029,AMB,-2.3,2,no,27,1
3/11/2024,458,620,DIC/TA,8,1,Armand,1,T9,S14,33.59525869,2776.78094,3589.384,3590.083,3589.7335,ELEV,0.7,0,no,27,1
3/11/2024,459,643,DIC/TA,9,1,Armand,1,T9,S10,33.3315591,,3483.67,3479.285,3481.4775,XHI,-4.39,4,yes,27,1
3/11/2024,460,607,DIC/TA,10,1,Armand,1,T9,M3,33.74873852,2050.232974,2523.375,2522.141,2522.758,AMB,-1.23,1,no,27,1
3/11/2024,461,644,DIC/TA,11,1,Armand,1,T9,Blank,33.357457,3718.901695,4550.509,4558.242,4554.3755,XHI,7.73,7,no,27,1
3/11/2024,462,608,DIC/TA,12,1,Armand,1,T9,C7,33.70938591,2020.606099,2473.125,2475.449,2474.287,AMB,2.32,2,no,27,1
3/11/2024,463,609,DIC/TA,13,2,Armand,1,T9,Blank,33.77925158,2132.273562,2543.896,2545.871,2544.8835,AMB,1.97,1,no,27,1
3/11/2024,464,621,DIC/TA,14,2,Armand,1,T9,C9,33.66740888,2822.445139,3736.954,3738.84,3737.897,ELEV,1.89,1,no,27,1
3/11/2024,465,633,DIC/TA,15,2,Armand,1,T9,C1,33.4168391,3520.48898,3041.076,3045.519,3043.2975,HI,4.44,4,yes,27,1
3/11/2024,466,610,DIC/TA,16,2,Armand,1,T9,C8,33.71759967,1963.231181,2428.115,2430.503,2429.309,AMB,2.39,2,no,27,1
3/11/2024,467,645,DIC/TA,17,2,Armand,1,T9,C5,33.38700611,4029.041888,3626.347,3626.411,3626.379,XHI,0.06,0,no,27,1
3/11/2024,468,622,DIC/TA,18,2,Armand,1,T9,M2,33.66415965,2906.476981,3729.103,3729.795,3729.449,ELEV,0.69,0,no,27,1
3/11/2024,469,634,DIC/TA,19,2,Armand,1,T9,S8,33.51426524,3494.32604,4382.085,4393.756,4387.9205,HI,11.67,11,no,27,1
3/11/2024,470,646,DIC/TA,20,2,Armand,1,T9,S7,33.26070818,3472.462969,3615.082,3614.752,3614.917,XHI,-0.33,0,yes,27,1
3/11/2024,471,611,DIC/TA,21,2,Armand,1,T9,S6,33.74777001,2023.04218,2444.197,2445.794,2444.9955,AMB,1.6,1,no,27,1
3/11/2024,472,635,DIC/TA,22,2,Armand,1,T9,Blank,33.55721475,3526.587833,4259.65,4259.925,4259.7875,HI,0.28,0,no,27,1
3/11/2024,473,623,DIC/TA,23,2,Armand,1,T9,S1,33.61921478,2853.828711,3620.109,3625.005,3622.557,ELEV,4.9,4,no,27,1
3/11/2024,474,647,DIC/TA,24,2,Armand,1,T9,M9,33.32237487,3880.188766,4528.379,4532.192,4530.2855,XHI,3.81,3,no,27,1
3/11/2024,475,636,DIC/TA,25,3,Armanda,1,T9,S2,33.48899611,3520.450609,4380.906,4380.356,4380.631,HI,-0.55,0,no,27,1
3/11/2024,476,648,DIC/TA,26,3,Armanda,1,T9,M1,33.4184937,3983.070382,3562.46,3557.671,3560.0655,XHI,-4.79,4,yes,27,1
3/11/2024,477,637,DIC/TA,27,3,Armanda,1,T9,Blank,33.52213666,3702.234438,3184.583,3180.498,3182.5405,HI,-4.09,4,yes,27,1
3/11/2024,478,624,DIC/TA,28,3,Armanda,1,T9,M8,33.67299916,3034.862354,3835.328,3833.212,3834.27,ELEV,-2.12,2,no,27,1
3/11/2024,479,649,DIC/TA,29,3,Armanda,1,T9,S5,33.34986955,3716.379071,3608.545,3610.675,3609.61,XHI,2.13,2,yes,27,1
3/11/2024,480,638,DIC/TA,30,3,Armanda,1,T9,C3,33.47028642,3364.150206,4481.604,4487.392,4484.498,HI,5.79,5,no,27,1
3/11/2024,481,612,DIC/TA,31,3,Armanda,1,T9,M4,33.86451153,2174.308183,2521.782,2523.154,2522.468,AMB,1.37,1,no,27,1
3/11/2024,482,613,DIC/TA,32,3,Armanda,1,T9,S4,33.78187502,2053.182187,2510.406,2510.15,2510.278,AMB,-0.26,0,no,27,1
3/11/2024,483,625,DIC/TA,33,3,Armanda,1,T9,Blank,33.71891143,3065.090318,3901.716,3905.743,3903.7295,ELEV,4.03,4,no,27,1
3/11/2024,484,626,DIC/TA,34,3,Armanda,1,T9,S11,33.70448198,2992.359132,3756.678,3758.068,3757.373,ELEV,1.39,1,no,27,1
3/11/2024,485,614,DIC/TA,35,3,Armanda,1,T9,C13,33.81694776,2050.11354,2470.107,2470.067,2470.087,AMB,-0.04,0,no,27,1
3/11/2024,486,650,DIC/TA,36,3,Armanda,1,T9,C15,33.43127072,3547.671147,3674.211,3679.33,3676.7705,XHI,5.12,5,yes,27,1
3/11/2024,487,639,DIC/TA,37,4,Armanda,1,T9,C6,33.60107222,3545.699572,4516.056,4517.028,4516.542,HI,0.97,0,no,27,1
3/11/2024,488,615,DIC/TA,38,4,Armanda,1,T9,C12,33.89827092,1970.524201,2469.235,2470.453,2469.844,AMB,1.22,1,no,27,1
3/11/2024,489,616,DIC/TA,39,4,Armanda,1,T9,S9,33.76613432,1919.597101,2423.046,2421.949,2422.4975,AMB,-1.1,1,no,27,1
3/11/2024,490,651,DIC/TA,40,4,Armanda,1,T9,Blank,33.36435955,3576.604118,5157.378,5168.072,5162.725,XHI,10.69,10,no,27,1
3/11/2024,491,640,DIC/TA,41,4,Armanda,1,T9,M5,33.59822534,3634.458922,3189.44,3179.132,3184.286,HI,-10.31,10,yes,27,1
3/11/2024,492,652,DIC/TA,42,4,Armanda,1,T9,M6,33.33212858,3363.188718,4840.342,4842.441,4841.3915,XHI,2.1,2,no,27,1
3/11/2024,493,627,DIC/TA,43,4,Armanda,1,T9,S12,33.67265606,2981.993544,3748.517,3755.766,3752.1415,ELEV,7.25,7,no,27,1
3/11/2024,494,617,DIC/TA,44,4,Armanda,1,T9,Blank,33.78443705,2091.192506,2534.168,2533.689,2533.9285,AMB,-0.48,0,no,27,1
3/11/2024,495,628,DIC/TA,45,4,Armanda,1,T9,C11,33.75267373,2954.866515,3797.22,3798.275,3797.7475,ELEV,1.06,1,no,27,1
3/11/2024,496,641,DIC/TA,46,4,Armanda,1,T9,S15,33.6506985,3553.083722,3040.72,3041.585,3041.1525,HI,0.87,0,yes,27,1
3/11/2024,497,629,DIC/TA,47,4,Armanda,1,T9,C14,33.69005242,2887.593712,3729.476,3729.376,3729.426,ELEV,-0.1,0,no,27,1
3/11/2024,498,653,DIC/TA,48,4,Armanda,1,T9,C16,33.31615711,3622.006356,4123.842,4120.118,4121.98,XHI,-3.72,3,no,27,1
3/19/2024,501,679,DIC/TA,1,1,Armand,1,T10,S3,32.60455614,3307.778463,4965.716,4974.957,4970.3365,HI,9.24,9,no,27,1
3/19/2024,503,667,DIC/TA,3,1,Armand,1,T10,Blank,32.87754271,3284.064798,3878.1,3887.19,3882.645,ELEV,9.09,9,no,27,1
3/19/2024,504,680,DIC/TA,4,1,Armand,1,T10,C10,32.77780211,3654.878086,4909.587,4913.705,4911.646,HI,4.12,4,no,27,1
3/19/2024,505,668,DIC/TA,5,1,Armand,1,T10,C4,32.84376308,3262.938187,4045.188,4048.978,4047.083,ELEV,3.79,3,no,27,1
3/19/2024,506,681,DIC/TA,6,1,Armand,1,T10,M7,32.69643095,3816.108712,4908.143,4909.584,4908.8635,HI,1.44,1,no,27,1
3/19/2024,507,691,DIC/TA,7,1,Armand,1,T10,C18,32.93168971,2199.75483,2615.517,2605.701,2610.609,AMB,-9.82,9,no,27,1
3/19/2024,508,669,DIC/TA,8,1,Armand,1,T10,S14,32.93168971,3220.128616,4012.835,4015.752,4014.2935,ELEV,2.92,2,no,27,1
3/19/2024,509,692,DIC/TA,9,1,Armand,1,T10,S10,32.43917045,3905.436198,3908.784,3923.717,3916.2505,XHI,14.93,14,no,27,1
3/19/2024,510,656,DIC/TA,10,1,Armand,1,T10,M3,32.96580941,2186.006956,2539.85,2542.466,2541.158,AMB,2.62,2,no,27,1
3/19/2024,511,693,DIC/TA,11,1,Armand,1,T10,Blank,32.54680401,4039.464904,4040.809,4047.335,4044.072,XHI,6.53,6,no,27,1
3/19/2024,512,657,DIC/TA,12,1,Armand,1,T10,C7,32.96940445,2224.957015,2563.51,2564.746,2564.128,AMB,1.24,1,no,27,1
3/19/2024,513,658,DIC/TA,13,2,Armand,1,T10,Blank,32.94840787,2215.586772,2575.98,2573.054,2574.517,AMB,-2.93,2,no,27,1
3/19/2024,514,670,DIC/TA,14,2,Armand,1,T10,C9,32.85129569,3408.169373,4247.621,4250.444,4249.0325,ELEV,2.82,2,no,27,1
3/19/2024,515,682,DIC/TA,15,2,Armand,1,T10,C1,32.61374382,4191.876339,4947.978,4953.109,4950.5435,HI,5.13,5,no,27,1
3/19/2024,516,659,DIC/TA,16,2,Armand,1,T10,C8,32.95365704,2218.647631,2573.736,2574.897,2574.3165,AMB,1.16,1,no,27,1
3/19/2024,517,694,DIC/TA,17,2,Armand,1,T10,C5,32.42866929,3797.710981,3866.102,3861.286,3863.694,XHI,-4.82,4,no,27,1
3/19/2024,518,671,DIC/TA,18,2,Armand,1,T10,M2,32.80142536,3204.916217,3965.057,3969.275,3967.166,ELEV,4.22,4,no,27,1
3/19/2024,519,683,DIC/TA,19,2,Armand,1,T10,S8,32.73449208,3927.537315,4825.179,4824.458,4824.8185,HI,-0.72,0,no,27,1
3/19/2024,520,695,DIC/TA,20,2,Armand,1,T10,S7,32.74105427,3834.991092,4479.861,4486.094,4482.9775,XHI,6.23,6,no,27,1
3/19/2024,521,660,DIC/TA,21,2,Armand,1,T10,S6,33.26367467,2178.832339,2492.139,2494.293,2493.216,AMB,2.15,2,no,27,1
3/19/2024,522,684,DIC/TA,22,2,Armand,1,T10,Blank,32.71086802,4097.18193,4924.221,4926.21,4925.2155,HI,1.99,1,no,27,1
3/19/2024,523,672,DIC/TA,23,2,Armand,1,T10,S1,32.81751555,3196.74654,3982.111,3987.587,3984.849,ELEV,5.48,5,no,27,1
3/19/2024,524,696,DIC/TA,24,2,Armand,1,T10,M9,32.55205428,3731.659537,3853.561,3846.624,3850.0925,XHI,-6.94,6,no,27,1
3/19/2024,525,685,DIC/TA,25,3,Armanda,1,T10,S2,32.18649488,3348.641437,3569.34,3575.37,3572.355,HI,6.03,6,no,27,1
3/19/2024,526,697,DIC/TA,26,3,Armanda,1,T10,M1,32.10573094,3891.388719,5283.247,5289.64,5286.4435,XHI,6.39,6,no,27,1
3/19/2024,527,686,DIC/TA,27,3,Armanda,1,T10,Blank,32.30658916,4142.578576,5102.118,5112.606,5107.362,HI,10.49,10,no,27,1
3/19/2024,528,673,DIC/TA,28,3,Armanda,1,T10,M8,32.36697384,3038.89843,3924.095,3922.082,3923.0885,ELEV,-2.01,2,no,27,1
3/19/2024,529,698,DIC/TA,29,3,Armanda,1,T10,S5,32.10047946,3825.623516,4003.766,3999.906,4001.836,XHI,-3.86,3,no,27,1
3/19/2024,530,687,DIC/TA,30,3,Armanda,1,T10,C3,32.2409515,3988.986941,4225.3,4219.203,4222.2515,HI,-6.1,6,no,27,1
3/19/2024,531,661,DIC/TA,31,3,Armanda,1,T10,M4,32.79126765,2274.328707,2568.266,2570.459,2569.3625,AMB,2.19,2,no,27,1
3/19/2024,532,662,DIC/TA,32,3,Armanda,1,T10,S4,32.50611398,2222.810747,2559.75,2562.076,2560.913,AMB,2.33,2,no,27,1
3/19/2024,533,674,DIC/TA,33,3,Armanda,1,T10,Blank,32.50645493,3268.947084,3988.733,3987.325,3988.029,ELEV,-1.41,1,no,27,1
3/19/2024,534,675,DIC/TA,34,3,Armanda,1,T10,S11,32.4142301,3190.099001,3884.667,3885.899,3885.283,ELEV,1.23,1,no,27,1
3/19/2024,535,663,DIC/TA,35,3,Armanda,1,T10,C13,32.4920163,2201.343176,2516.447,2517.54,2516.9935,AMB,1.09,1,no,27,1
3/19/2024,536,699,DIC/TA,36,3,Armanda,1,T10,C15,32.10179233,4275.136886,4407.374,4409.901,4408.6375,XHI,2.53,2,no,27,1
3/19/2024,537,688,DIC/TA,37,4,Armanda,1,T10,C6,32.3801007,3856.593461,4809.752,4813.828,4811.79,HI,4.08,4,no,27,1
3/19/2024,538,664,DIC/TA,38,4,Armanda,1,T10,C12,32.50348879,2223.095332,2546.586,2547.835,2547.2105,AMB,1.25,1,no,27,1
3/19/2024,539,665,DIC/TA,39,4,Armanda,1,T10,S9,32.67280642,2215.252821,2529.605,2530.46,2530.0325,AMB,0.86,0,no,27,1
3/19/2024,540,700,DIC/TA,40,4,Armanda,1,T10,Blank,32.15396611,4071.919181,4019.18,4019.258,4019.219,XHI,0.08,0,no,27,1
3/19/2024,541,689,DIC/TA,41,4,Armanda,1,T10,M5,32.25933027,3577.931512,3497.059,3496.948,3497.0035,HI,-0.11,0,no,27,1
3/19/2024,542,701,DIC/TA,42,4,Armanda,1,T10,M6,32.18712696,4427.380753,5282.587,5292.552,5287.5695,XHI,9.96,9,no,27,1
3/19/2024,543,676,DIC/TA,43,4,Armanda,1,T10,S12,32.36828653,3260.407543,3963.102,3962.582,3962.842,ELEV,-0.52,0,no,27,1
3/19/2024,544,666,DIC/TA,44,4,Armanda,1,T10,Blank,32.52055248,2246.732475,2573.237,2572.504,2572.8705,AMB,-0.73,0,no,27,1
3/19/2024,545,677,DIC/TA,45,4,Armanda,1,T10,C11,32.41554276,3146.079336,3824.52,3827.352,3825.936,ELEV,2.83,2,no,27,1
3/19/2024,546,690,DIC/TA,46,4,Armanda,1,T10,S15,32.32924608,4008.096889,4956.113,4964.632,4960.3725,HI,8.52,8,no,27,1
3/19/2024,547,678,DIC/TA,47,4,Armanda,1,T10,C14,32.4378578,3211.309736,3908.803,3911.766,3910.2845,ELEV,2.96,2,no,27,1
3/19/2024,548,702,DIC/TA,48,4,Armanda,1,T10,C16,32.08209919,4124.820818,5113.055,5110.16,5111.6075,XHI,-2.9,2,no,27,1
