Date,Genotype,Tag,Tank,TP,LE (mm)
2/19/2024,na,standardRep1,na,T1,24.1
2/19/2024,na,standardRep2,na,T1,24.19
2/19/2024,na,standardRep3,na,T1,24.01
2/19/2024,SI,3,1,T1,52.274
2/19/2024,C,2,1,T1,45.111
2/19/2024,C,10,1,T1,47.592
2/19/2024,C,4,1,T1,43.038
2/19/2024,M9,7,1,T1,40.236
2/19/2024,C,18,1,T1,45.67
2/19/2024,SI,14,1,T1,38.496
2/19/2024,SI,10,1,T1,31.298
2/19/2024,M9,3,1,T1,56.401
2/19/2024,C,7,1,T1,39.929
2/19/2024,C,9,2,T1,41.798
2/19/2024,C,1,2,T1,48.79
2/19/2024,C,8,2,T1,52.523
2/19/2024,C,5,2,T1,43.584
2/19/2024,M9,2,2,T1,45.135
2/19/2024,SI,8,2,T1,43.145
2/19/2024,SI,7,2,T1,44.036
2/19/2024,SI,6,2,T1,42.729
2/19/2024,SI,1,2,T1,48.882
2/19/2024,M9,9,2,T1,43.977
2/19/2024,SI,2,3,T1,46.717
2/19/2024,M9,1,3,T1,51.526
2/19/2024,M9,8,3,T1,32.724
2/19/2024,SI,5,3,T1,44.011
2/19/2024,C,3,3,T1,46.441
2/19/2024,M9,4,3,T1,26.47
2/19/2024,SI,4,3,T1,45.067
2/19/2024,SI,11,3,T1,26.503
2/19/2024,C,13,3,T1,43.834
2/19/2024,C,15,3,T1,40.833
2/19/2024,C,6,4,T1,47.817
2/19/2024,C,12,4,T1,41.519
2/19/2024,SI,9,4,T1,33.264
2/19/2024,M9,5,4,T1,26.457
2/19/2024,M9,6,4,T1,31.673
2/19/2024,SI,12,4,T1,40.503
2/19/2024,C,11,4,T1,46.231
2/19/2024,SI,15,4,T1,33.834
2/19/2024,C,14,4,T1,43.474
2/19/2024,C,16,4,T1,44.549
3/8/2024,na,standardRep1,na,T2,23.35
3/8/2024,na,standardRep2,na,T2,23.21
3/8/2024,na,standardRep3,na,T2,23.12
3/8/2024,SI,3,1,T2,54.639
3/8/2024,C,2,1,T2,48.219
3/8/2024,C,10,1,T2,50.332
3/8/2024,C,4,1,T2,44.541
3/8/2024,M9,7,1,T2,42.966
3/8/2024,C,18,1,T2,45.861
3/8/2024,SI,14,1,T2,39.092
3/8/2024,SI,10,1,T2,32.203
3/8/2024,M9,3,1,T2,55.33
3/8/2024,C,7,1,T2,41.247
3/8/2024,C,9,2,T2,43.703
3/8/2024,C,1,2,T2,50.573
3/8/2024,C,8,2,T2,53.227
3/8/2024,C,5,2,T2,46.791
3/8/2024,M9,2,2,T2,46.714
3/8/2024,SI,8,2,T2,43.629
3/8/2024,SI,7,2,T2,44.569
3/8/2024,SI,6,2,T2,42.97
3/8/2024,SI,1,2,T2,49.415
3/8/2024,M9,9,2,T2,44.933
3/8/2024,SI,2,3,T2,48.522
3/8/2024,M9,1,3,T2,52.798
3/8/2024,M9,8,3,T2,36.464
3/8/2024,SI,5,3,T2,45.354
3/8/2024,C,3,3,T2,48.4
3/8/2024,M9,4,3,T2,26.712
3/8/2024,SI,4,3,T2,45.235
3/8/2024,SI,11,3,T2,26.443
3/8/2024,C,13,3,T2,45.366
3/8/2024,C,15,3,T2,43.713
3/8/2024,C,6,4,T2,48.143
3/8/2024,C,12,4,T2,42.889
3/8/2024,SI,9,4,T2,33.951
3/8/2024,M9,5,4,T2,26.984
3/8/2024,M9,6,4,T2,34.965
3/8/2024,SI,12,4,T2,42.18
3/8/2024,C,11,4,T2,48.81
3/8/2024,SI,15,4,T2,34.738
3/8/2024,C,14,4,T2,44.81
3/8/2024,C,16,4,T2,46.213
3/23/2024,na,standardRep1,na,T3,23.46
3/23/2024,na,standardRep2,na,T3,23.76
3/23/2024,na,standardRep3,na,T3,23.93
3/23/2024,SI,3,1,T3,54.045
3/11/2024,C,2,1,T3,46.745
3/23/2024,C,10,1,T3,50.068
3/16/2024,C,4,1,T3,42.907
3/23/2024,M9,7,1,T3,41.541
3/16/2024,C,18,1,T3,45.443
3/23/2024,SI,14,1,T3,39.882
3/23/2024,SI,10,1,T3,32.376
3/23/2024,M9,3,1,T3,56.741
3/18/2024,C,7,1,T3,41.098
3/23/2024,C,9,2,T3,43.259
3/23/2024,C,1,2,T3,51.867
3/23/2024,C,8,2,T3,53.112
3/23/2024,C,5,2,T3,46.805
3/18/2024,M9,2,2,T3,46.073
3/23/2024,SI,8,2,T3,44.263
3/23/2024,SI,7,2,T3,44.87
3/23/2024,SI,6,2,T3,43.688
3/23/2024,SI,1,2,T3,49.6
3/23/2024,M9,9,2,T3,45.245
3/23/2024,SI,2,3,T3,48.368
3/23/2024,M9,1,3,T3,53.201
3/23/2024,M9,8,3,T3,36.225
3/23/2024,SI,5,3,T3,45.778
3/23/2024,C,3,3,T3,49.275
3/23/2024,M9,4,3,T3,27.16
3/23/2024,SI,4,3,T3,44.251
3/23/2024,SI,11,3,T3,26.746
3/23/2024,C,13,3,T3,45.418
3/23/2024,C,15,3,T3,43.866
3/23/2024,C,6,4,T3,47.612
3/23/2024,C,12,4,T3,43.904
3/23/2024,SI,9,4,T3,34.513
3/23/2024,M9,5,4,T3,27.203
3/23/2024,M9,6,4,T3,36.016
3/23/2024,SI,12,4,T3,42.294
3/11/2024,C,11,4,T3,48.211
3/23/2024,SI,15,4,T3,35.299
3/23/2024,C,14,4,T3,46.207
3/23/2024,C,16,4,T3,43.583