date,order,sample_ID,beaker,coral,ta_rep1,ta_rep2,calc_avg_ta,treat,diff,delta,precip,remove
2/7/2024,1,154,1,S3,4516.446421,4514.628836,4515.537629,hi,1.82,2,no,
2/7/2024,2,155,2,C2,4647.394911,4648.457254,4647.926083,xhi,1.06,2,no,
2/7/2024,3,156,3,Blank,3701.074951,3701.455113,3701.265032,elev,0.38,1,no,
2/7/2024,4,157,4,C10,4431.997152,4430.193669,4431.095411,hi,1.8,2,no,
2/7/2024,5,158,5,C4,3474.168157,3477.051189,3475.609673,elev,2.88,3,no,
2/7/2024,6,159,6,M7,4580.29863,4581.802558,4581.050594,hi,1.5,2,no,
2/7/2024,7,160,7,C18,2287.012069,2290.978309,2288.995189,amb,3.97,4,no,
2/7/2024,8,161,8,S14,3535.347535,3534.804885,3535.07621,elev,0.54,1,no,
2/7/2024,9,162,9,S10,4232.598825,4234.729023,4233.663924,xhi,2.13,3,no,
2/7/2024,10,163,10,M3,2303.729389,2306.992753,2305.361071,amb,3.26,4,no,
2/7/2024,11,164,11,Blank,4664.459504,4665.219947,4664.839726,xhi,0.76,1,no,
2/7/2024,12,165,12,C7,2334.304194,2332.680332,2333.492263,amb,1.62,2,no,
2/7/2024,13,166,13,Blank,2457.727468,2460.124918,2458.926193,amb,2.4,3,no,
2/7/2024,14,167,14,C9,3423.502849,3422.597497,3423.050173,elev,0.91,1,no,
2/7/2024,15,168,15,C1,4634.855642,4633.669595,4634.262619,hi,1.19,2,no,
2/7/2024,16,169,16,C8,2285.717652,2286.096118,2285.906885,amb,0.38,1,no,
2/7/2024,17,170,17,C5,4775.657805,4776.988728,4776.323267,xhi,1.33,2,no,
2/7/2024,18,171,18,M2,3463.216055,3460.197796,3461.706926,elev,3.02,4,no,
2/7/2024,19,172,19,S8,4623.823801,4628.674945,4626.249373,hi,4.85,5,no,
2/7/2024,20,173,20,S7,4302.819433,4306.060862,4304.440148,xhi,3.24,4,no,
2/7/2024,21,174,21,S6,2305.843566,2301.186456,2303.515011,amb,4.66,5,no,
2/7/2024,22,175,22,Blank,4900.457778,4900.327912,4900.392845,hi,0.13,1,no,
2/7/2024,23,176,23,S1,3484.933856,3485.505532,3485.219694,elev,0.57,1,no,
2/7/2024,24,177,24,M9,4575.0516,4585.29595,4580.173775,xhi,10.24,11,no,
2/7/2024,25,178,25,S2,4802.602782,4806.6773,4804.640041,hi,4.07,5,no,
2/7/2024,26,179,26,M1,4688.832681,4689.791615,4689.312148,xhi,0.96,1,no,
2/7/2024,27,180,27,Blank,4828.166648,4829.0133,4828.589974,hi,0.85,1,no,
2/7/2024,28,181,28,M8,3628.278447,3631.188108,3629.733278,elev,2.91,3,no,
2/7/2024,29,182,29,S5,4817.718028,4826.157662,4821.937845,xhi,8.44,9,no,
2/7/2024,30,183,30,C3,4746.743452,4752.373861,4749.558657,hi,5.63,6,no,
2/7/2024,31,184,31,M4,2423.576375,2422.270166,2422.923271,amb,1.31,2,no,
2/7/2024,32,185,32,S4,2325.076902,2327.488455,2326.282679,amb,2.41,3,no,
2/7/2024,33,186,33,Blank,3817.675796,3825.655639,3821.665718,elev,7.98,8,no,
2/7/2024,34,187,34,S11,3683.994375,3683.01634,3683.505358,elev,0.98,1,no,
2/7/2024,35,188,35,C13,2334.02051,2335.026304,2334.523407,amb,1.01,2,no,
2/7/2024,36,189,36,C15,4913.546483,4909.131685,4911.339084,xhi,4.41,5,no,
2/7/2024,37,190,37,C6,4925.281027,4928.966282,4927.123655,hi,3.69,4,no,
2/7/2024,38,191,38,C12,2367.538113,2366.493708,2367.015911,amb,1.04,2,no,
2/7/2024,39,192,39,S9,2382.901897,2384.628351,2383.765124,amb,1.73,2,no,
2/7/2024,40,193,40,Blank,4856.3818,4860.450564,4858.416182,xhi,4.07,5,no,
2/7/2024,41,194,41,M5,4816.255498,4818.859729,4817.557614,hi,2.6,3,no,
2/7/2024,42,195,42,M6,4517.491331,4516.359471,4516.925401,xhi,1.13,2,no,
2/7/2024,43,196,43,S12,3685.141802,3680.815417,3682.97861,elev,4.33,5,no,
2/7/2024,44,197,44,Blank,2466.637707,2468.677893,2467.6578,amb,2.04,3,no,
2/7/2024,45,198,45,C11,3617.764369,3624.171754,3620.968062,elev,6.41,7,no,
2/7/2024,46,199,46,S15,4813.889439,4824.508928,4819.199184,hi,10.62,11,no,
2/7/2024,47,200,47,C14,3659.458481,3653.891602,3656.675042,elev,5.57,6,no,
2/7/2024,48,201,48,C16,4544.945159,4544.151955,4544.548557,xhi,0.79,1,no,
2/9/2024,51,204,1,S3,4253.379116,4261.600815,4257.489966,hi,8.22,9,no,
2/9/2024,52,205,2,C2,5041.043523,5047.488456,5044.26599,xhi,6.44,7,no,
2/9/2024,53,206,3,Blank,3766.98219,3764.376602,3765.679396,elev,2.61,3,no,
2/9/2024,54,207,4,C10,4081.280254,4085.777114,4083.528684,hi,4.5,5,no,
2/9/2024,55,208,5,C4,3521.732498,3519.015233,3520.373866,elev,2.72,3,no,
2/9/2024,56,209,6,M7,4173.86236,4180.608139,4177.23525,hi,6.75,7,no,
2/9/2024,57,210,7,C18,2265.155149,2263.336813,2264.245981,amb,1.82,2,no,
2/9/2024,58,211,8,S14,3566.91011,3571.340435,3569.125273,elev,4.43,5,no,
2/9/2024,59,212,9,S10,4627.278339,4618.413299,4622.845819,xhi,8.87,9,no,
2/9/2024,60,213,10,M3,2270.629141,2268.254939,2269.44204,amb,2.37,3,no,
2/9/2024,61,214,11,Blank,4586.841239,4598.120414,4592.480827,xhi,11.28,12,no,
2/9/2024,62,215,12,C7,2288.602417,2288.421231,2288.511824,amb,0.18,1,no,
2/9/2024,63,216,13,Blank,2438.622337,2441.514348,2440.068343,amb,2.89,3,no,
2/9/2024,64,217,14,C9,3520.826864,3518.023357,3519.425111,elev,2.8,3,no,
2/9/2024,65,218,15,C1,4242.878755,4246.408418,4244.643587,hi,3.53,4,no,
2/9/2024,66,219,16,C8,2258.531909,2258.56961,2258.55076,amb,0.04,1,no,
2/9/2024,67,220,17,C5,4851.551952,4864.058022,4857.804987,xhi,12.51,13,no,
2/9/2024,68,221,18,M2,3427.228298,3424.012777,3425.620538,elev,3.22,4,no,
2/9/2024,69,222,19,S8,4254.405662,4259.40822,4256.906941,hi,5,6,no,
2/9/2024,70,223,20,S7,4421.144285,4422.630325,4421.887305,xhi,1.49,2,no,
2/9/2024,71,224,21,S6,2286.629016,2285.322519,2285.975768,amb,1.31,2,no,
2/9/2024,72,225,22,Blank,4828.707248,4844.366228,4836.536738,hi,15.66,16,no,
2/9/2024,73,226,23,S1,3470.466749,3462.552593,3466.509671,elev,7.91,8,no,
2/9/2024,74,227,24,M9,4417.834768,4424.007796,4420.921282,xhi,6.17,7,no,
2/9/2024,75,228,25,S2,4473.993044,4474.636771,4474.314908,hi,0.64,1,no,
2/9/2024,76,229,26,M1,5268.892901,5274.118974,5271.505938,xhi,5.23,6,no,
2/9/2024,77,230,27,Blank,4482.685353,4479.568993,4481.127173,hi,3.12,4,no,
2/9/2024,78,231,28,M8,3703.981856,3701.789716,3702.885786,elev,2.19,3,no,
2/9/2024,79,232,29,S5,4486.960295,4497.162379,4492.061337,xhi,10.2,11,no,
2/9/2024,80,233,30,C3,4306.112512,4307.998425,4307.055469,hi,1.89,2,no,
2/9/2024,81,234,31,M4,2414.830645,2410.112193,2412.471419,amb,4.72,5,no,
2/9/2024,82,235,32,S4,2338.325753,2338.160797,2338.243275,amb,0.16,1,no,
2/9/2024,83,236,33,Blank,3823.790456,3834.566215,3829.178336,elev,10.78,11,no,
2/9/2024,84,237,34,S11,3772.421389,3774.028024,3773.224707,elev,1.61,2,no,
2/9/2024,85,238,35,C13,2330.038859,2323.420621,2326.72974,amb,6.62,7,no,
2/9/2024,86,239,36,C15,4407.191435,4419.749175,4413.470305,xhi,12.56,13,no,
2/9/2024,87,240,37,C6,4284.15967,4283.224524,4283.692097,hi,0.94,1,no,
2/9/2024,88,241,38,C12,2362.916072,2362.21207,2362.564071,amb,0.7,1,no,
2/9/2024,89,242,39,S9,2362.491205,2367.192946,2364.842076,amb,4.7,5,no,
2/9/2024,90,243,40,Blank,4601.743509,4615.712002,4608.727756,xhi,13.97,14,no,
2/9/2024,91,244,41,M5,4507.588471,4507.076059,4507.332265,hi,0.51,1,no,
2/9/2024,92,245,42,M6,4261.970517,4257.932686,4259.951602,xhi,4.04,5,no,
2/9/2024,93,246,43,S12,3719.171955,3717.566694,3718.369325,elev,1.61,2,no,
2/9/2024,94,247,44,Blank,2478.356899,2475.101292,2476.729096,amb,3.26,4,no,
2/9/2024,95,248,45,C11,3663.333647,3662.506508,3662.920078,elev,0.83,1,no,
2/9/2024,96,249,46,S15,4456.711099,4460.304655,4458.507877,hi,3.59,4,no,
2/9/2024,97,250,47,C14,3731.37506,3732.2701,3731.82258,elev,0.9,1,no,
2/9/2024,98,251,48,C16,4633.514096,4638.798566,4636.156331,xhi,5.28,6,no,
2/13/2024,101,256,1,S3,4495.135944,4504.396801,4499.766373,hi,9.26,10,no,
2/13/2024,102,257,2,C2,5249.149117,5256.117332,5252.633225,xhi,6.97,7,no,
2/13/2024,103,258,3,Blank,3778.369918,3774.253174,3776.311546,elev,4.12,5,no,
2/13/2024,104,259,4,C10,4443.222349,4438.511835,4440.867092,hi,4.71,5,no,
2/13/2024,105,260,5,C4,3609.019168,3604.952384,3606.985776,elev,4.07,5,no,
2/13/2024,106,261,6,M7,4314.194096,4318.043175,4316.118636,hi,3.85,4,no,
2/13/2024,107,262,7,C18,2392.665876,2390.394486,2391.530181,amb,2.27,3,no,
2/13/2024,108,263,8,S14,3655.034602,3660.516844,3657.775723,elev,5.48,6,no,
2/13/2024,109,264,9,S10,5461.728504,5474.522124,5468.125314,xhi,12.79,13,no,
2/13/2024,110,265,10,M3,2409.456135,2412.150711,2410.803423,amb,2.69,3,no,
2/13/2024,111,266,11,Blank,5239.712447,5244.913959,5242.313203,xhi,5.2,6,no,
2/13/2024,112,267,12,C7,2407.459541,2408.613808,2408.036675,amb,1.15,2,no,
2/13/2024,113,268,13,Blank,2511.844004,2510.867688,2511.355846,amb,0.98,1,no,
2/13/2024,114,269,14,C9,3126.055474,3125.816141,3125.935808,elev,0.24,1,no,
2/13/2024,115,270,15,C1,4359.035383,4366.348353,4362.691868,hi,7.31,8,no,
2/13/2024,116,271,16,C8,2362.257864,2354.393072,2358.325468,amb,7.86,8,no,
2/13/2024,117,272,17,C5,5268.995483,5282.303618,5275.649551,xhi,13.31,14,no,
2/13/2024,118,273,18,M2,3581.324582,3572.150036,3576.737309,elev,9.17,10,no,
2/13/2024,119,274,19,S8,4437.046299,4442.926836,4439.986568,hi,5.88,6,no,
2/13/2024,120,275,20,S7,5178.574997,5182.719057,5180.647027,xhi,4.14,5,no,
2/13/2024,121,276,21,S6,2400.108657,2397.150864,2398.629761,amb,2.96,3,no,
2/13/2024,122,277,22,Blank,4678.790151,4687.379497,4683.084824,hi,8.59,9,no,
2/13/2024,123,278,23,S1,3589.1078,3586.912914,3588.010357,elev,2.19,3,no,
2/13/2024,124,279,24,M9,5349.138387,5349.06875,5349.103569,xhi,0.07,1,no,
2/13/2024,125,280,25,S2,4585.790942,4587.014321,4586.402632,hi,1.22,2,no,
2/13/2024,126,281,26,M1,5427.512104,5445.594809,5436.553457,xhi,18.08,19,no,
2/13/2024,127,282,27,Blank,4618.784971,4615.414868,4617.09992,hi,3.37,4,no,
2/13/2024,128,283,28,M8,3753.079254,3748.830662,3750.954958,elev,4.25,5,no,
2/13/2024,129,284,29,S5,5476.132431,5482.817288,5479.47486,xhi,6.68,7,no,
2/13/2024,130,285,30,C3,4585.927169,4585.013942,4585.470556,hi,0.91,1,no,
2/13/2024,131,286,31,M4,2490.903671,2489.995174,2490.449423,amb,0.91,1,no,
2/13/2024,132,287,32,S4,2469.085096,2470.017566,2469.551331,amb,0.93,1,no,
2/13/2024,133,288,33,Blank,3882.763133,3883.206018,3882.984576,elev,0.44,1,no,
2/13/2024,134,289,34,S11,3858.063542,3858.638559,3858.351051,elev,0.58,1,no,
2/13/2024,135,290,35,C13,2475.809001,2475.409675,2475.609338,amb,0.4,1,no,
2/13/2024,136,291,36,C15,4613.796562,4613.224073,4613.510318,xhi,0.57,1,no,
2/13/2024,137,292,37,C6,4629.316364,4633.725495,4631.52093,hi,4.41,5,no,
2/13/2024,138,293,38,C12,2475.545085,2475.923151,2475.734118,amb,0.38,1,no,
2/13/2024,139,294,39,S9,2483.042616,2487.804596,2485.423606,amb,4.76,5,no,
2/13/2024,140,295,40,Blank,4805.665155,4803.825566,4804.745361,xhi,1.84,2,no,
2/13/2024,141,296,41,M5,4504.141347,4504.522267,4504.331807,hi,0.38,1,no,
2/13/2024,142,297,42,M6,5318.722163,5323.604656,5321.16341,xhi,4.88,5,no,
2/13/2024,143,298,43,S12,3775.241546,3775.270059,3775.255803,elev,0.03,1,no,
2/13/2024,144,299,44,Blank,2521.8772,2519.660504,2520.768852,amb,2.22,3,no,
2/13/2024,145,300,45,C11,3786.221753,3787.058614,3786.640184,elev,0.84,1,no,
2/13/2024,146,301,46,S15,4641.801491,4644.546539,4643.174015,hi,2.75,3,no,
2/13/2024,147,302,47,C14,3809.431654,3809.905956,3809.668805,elev,0.47,1,no,
2/13/2024,148,303,48,C16,4955.140102,4966.009554,4960.574828,xhi,10.87,11,no,
2/16/2024,151,306,1,S3,4495.337491,4495.317213,4495.327352,hi,0.02,1,no,
2/16/2024,152,307,2,C2,4319.006773,4316.232225,4317.619499,xhi,2.77,3,no,
2/16/2024,153,308,3,Blank,3771.073708,3773.355768,3772.214738,elev,2.28,3,no,
2/16/2024,154,309,4,C10,4483.65872,4488.916985,4486.287853,hi,5.26,6,no,
2/16/2024,155,310,5,C4,3617.751078,3613.451952,3615.601515,elev,4.3,5,no,
2/16/2024,156,311,6,M7,4368.963894,4374.077201,4371.520548,hi,5.11,6,no,
2/16/2024,157,312,7,C18,2413.948358,2413.953132,2413.950745,amb,0,1,no,
2/16/2024,158,313,8,S14,3596.977537,3607.773184,3602.375361,elev,10.8,11,no,
2/16/2024,159,314,9,S10,5137.291319,5138.240097,5137.765708,xhi,0.95,1,no,
2/16/2024,160,315,10,M3,2410.009837,2411.935833,2410.972835,amb,1.93,2,no,
2/16/2024,161,316,11,Blank,5325.055484,5344.144123,5334.599804,xhi,19.09,20,no,
2/16/2024,162,317,12,C7,2399.045393,2394.848807,2396.9471,amb,4.2,5,no,
2/16/2024,163,318,13,Blank,2538.29179,2540.992533,2539.642162,amb,2.7,3,no,
2/16/2024,164,319,14,C9,3594.413229,3595.739638,3595.076434,elev,1.33,2,no,
2/16/2024,165,320,15,C1,4839.431132,4837.893998,4838.662565,hi,1.54,2,no,
2/16/2024,166,321,16,C8,2403.020196,2401.616986,2402.318591,amb,1.4,2,no,
2/16/2024,167,322,17,C5,4993.41433,5007.431914,5000.423122,xhi,14.02,15,no,
2/16/2024,168,323,18,M2,3557.302912,3557.608263,3557.455588,elev,0.31,1,no,
2/16/2024,169,324,19,S8,4493.743094,4493.381712,4493.562403,hi,0.36,1,no,
2/16/2024,170,325,20,S7,4837.617118,4837.165654,4837.391386,xhi,0.45,1,no,
2/16/2024,171,326,21,S6,2374.294599,2375.677636,2374.986118,amb,1.38,2,no,
2/16/2024,172,327,22,Blank,4729.24442,4746.356403,4737.800412,hi,17.11,18,no,
2/16/2024,173,328,23,S1,3529.479911,3529.56812,3529.524016,elev,0.09,1,no,
2/16/2024,174,329,24,M9,3824.495565,3829.628348,3827.061957,xhi,5.13,6,no,
2/16/2024,175,330,25,S2,4759.789916,4758.23624,4759.013078,hi,1.55,2,no,
2/16/2024,176,331,26,M1,4712.909685,4713.559116,4713.234401,xhi,0.65,1,no,
2/16/2024,177,332,27,Blank,4979.314047,4984.220151,4981.767099,hi,4.91,5,no,
2/16/2024,178,333,28,M8,3833.940553,3834.657978,3834.299266,elev,0.72,1,no,
2/16/2024,179,334,29,S5,5177.264828,5188.475963,5182.870396,xhi,11.21,12,no,
2/16/2024,180,335,30,C3,4724.222224,4724.158277,4724.190251,hi,0.06,1,no,
2/16/2024,181,336,31,M4,2542.027878,2544.447775,2543.237827,amb,2.42,3,no,
2/16/2024,182,337,32,S4,2472.730054,2472.813093,2472.771574,amb,0.08,1,no,
2/16/2024,183,338,33,Blank,3953.20546,3950.106754,3951.656107,elev,3.1,4,no,
2/16/2024,184,339,34,S11,3861.855412,3862.922109,3862.388761,elev,1.07,2,no,
2/16/2024,185,340,35,C13,2471.301255,2471.603761,2471.452508,amb,0.3,1,no,
2/16/2024,186,341,36,C15,5187.288326,5200.597499,5193.942913,xhi,13.31,14,no,
2/16/2024,187,342,37,C6,4960.550381,4962.788532,4961.669457,hi,2.24,3,no,
2/16/2024,188,343,38,C12,2465.290003,2466.781132,2466.035568,amb,1.49,2,no,
2/16/2024,189,344,39,S9,2499.808902,2502.405396,2501.107149,amb,2.6,3,no,
2/16/2024,190,345,40,Blank,5007.929106,5006.065395,5006.997251,xhi,1.86,2,no,
2/16/2024,191,346,41,M5,5037.757593,5034.123685,5035.940639,hi,3.63,4,no,
2/16/2024,192,347,42,M6,5128.230114,5131.205644,5129.717879,xhi,2.98,3,no,
2/16/2024,193,348,43,S12,3842.271263,3840.699493,3841.485378,elev,1.57,2,no,
2/16/2024,194,349,44,Blank,2552.292126,2549.261164,2550.776645,amb,3.03,4,no,
2/16/2024,195,350,45,C11,3811.023415,3818.633162,3814.828289,elev,7.61,8,no,
2/16/2024,196,351,46,S15,4996.804463,5005.002097,5000.90328,hi,8.2,9,no,
2/16/2024,197,352,47,C14,3860.341456,3859.730616,3860.036036,elev,0.61,1,no,
2/16/2024,198,353,48,C16,3856.274456,3857.329783,3856.80212,xhi,1.06,2,no,
2/20/2024,207,356,7,C18,2743.708407,2743.341179,2743.524793,amb,0.37,1,no,
2/20/2024,210,357,10,M3,2769.425925,2769.006892,2769.216409,amb,0.42,1,no,
2/20/2024,212,358,12,C7,2706.737837,2706.587598,2706.662718,amb,0.15,1,no,
2/20/2024,213,359,13,Blank,2874.409035,2878.093626,2876.251331,amb,3.68,4,no,
2/20/2024,216,360,16,C8,2548.633535,2546.973415,2547.803475,amb,1.66,2,no,
2/20/2024,221,361,21,S6,2622.236724,2627.128588,2624.682656,amb,4.89,5,no,
2/20/2024,231,362,31,M4,2524.180544,2524.713789,2524.447167,amb,0.53,1,no,
2/20/2024,232,363,32,S4,2400.924807,2397.424376,2399.174592,amb,3.5,4,no,
2/20/2024,235,364,35,C13,2416.886997,2414.672462,2415.77973,amb,2.21,3,no,
2/20/2024,238,365,38,C12,2424.506238,2426.535588,2425.520913,amb,2.03,3,no,
2/20/2024,239,366,39,S9,2432.323536,2431.755446,2432.039491,amb,0.57,1,no,
2/20/2024,244,367,44,Blank,2512.634842,2513.926363,2513.280603,amb,1.29,2,no,
2/20/2024,203,368,3,Blank,2763.932142,2767.106272,2765.519207,elev,3.17,4,no,
2/20/2024,205,369,5,C4,2855.46133,2859.130161,2857.295746,elev,3.67,4,no,
2/20/2024,208,370,8,S14,3524.869041,3532.760933,3528.814987,elev,7.89,8,no,
2/20/2024,214,371,14,C9,3326.649378,3328.501802,3327.57559,elev,1.85,2,no,
2/20/2024,218,372,18,M2,2543.297782,2538.895053,2541.096418,elev,4.4,5,no,
2/20/2024,223,373,23,S1,2568.099035,2570.369697,2569.234366,elev,2.27,3,no,
2/20/2024,228,374,28,M8,3762.0314,3769.545057,3765.788229,elev,7.51,8,no,
2/20/2024,233,375,33,Blank,3871.43689,3875.344692,3873.390791,elev,3.91,4,no,
2/20/2024,234,376,34,S11,3820.7123,3820.661106,3820.686703,elev,0.05,1,no,
2/20/2024,243,377,43,S12,3764.028244,3764.813705,3764.420975,elev,0.79,1,no,
2/20/2024,245,378,45,C11,3739.341248,3740.223561,3739.782405,elev,0.88,1,no,
2/20/2024,247,379,47,C14,3851.414051,3853.061341,3852.237696,elev,1.65,2,no,
2/20/2024,201,380,1,S3,4165.980279,4166.595877,4166.288078,hi,0.62,1,no,
2/20/2024,204,381,4,C10,2761.071182,2750.908827,2755.990005,hi,10.16,11,no,
2/20/2024,206,382,6,M7,2723.624753,2722.146492,2722.885623,hi,1.48,2,no,
2/20/2024,215,383,15,C1,2506.773129,2508.60885,2507.69099,hi,1.84,2,no,
2/20/2024,219,384,19,S8,4429.922799,4439.872452,4434.897626,hi,9.95,10,no,
2/20/2024,222,385,22,Blank,4411.429213,4411.03369,4411.231452,hi,0.4,1,no,
2/20/2024,225,386,25,S2,4698.275232,4701.906346,4700.090789,hi,3.63,4,no,
2/20/2024,227,387,27,Blank,4174.927194,4173.623575,4174.275385,hi,1.3,2,no,
2/20/2024,230,388,30,C3,4688.272155,4692.256395,4690.264275,hi,3.98,4,no,
2/20/2024,237,389,37,C6,4791.940249,4792.57423,4792.25724,hi,0.63,1,no,
2/20/2024,241,390,41,M5,4738.461965,4740.40619,4739.434078,hi,1.94,2,no,
2/20/2024,246,391,46,S15,4778.322444,4779.603749,4778.963097,hi,1.28,2,no,
2/20/2024,202,392,2,C2,4683.53467,4686.941845,4685.238258,xhi,3.41,4,no,
2/20/2024,209,393,9,S10,4804.834905,4808.400333,4806.617619,xhi,3.57,4,no,
2/20/2024,211,394,11,Blank,3926.152747,3922.513917,3924.333332,xhi,3.64,4,no,
2/20/2024,217,395,17,C5,2464.01923,2461.882491,2462.950861,xhi,2.14,3,no,
2/20/2024,220,396,20,S7,4650.911487,4646.404944,4648.658216,xhi,4.51,5,no,
2/20/2024,224,397,24,M9,2748.481843,2744.841827,2746.661835,xhi,3.64,4,no,
2/20/2024,226,398,26,M1,4656.427342,4667.655595,4662.041469,xhi,11.23,12,no,
2/20/2024,229,399,29,S5,5098.780678,5103.800841,5101.29076,xhi,5.02,6,no,
2/20/2024,236,400,36,C15,5112.628086,5112.377966,5112.503026,xhi,0.25,1,no,
2/20/2024,240,401,40,Blank,4206.079732,4201.595972,4203.837852,xhi,4.48,5,no,
2/20/2024,242,402,42,M6,5051.266476,5054.360285,5052.813381,xhi,3.09,4,no,
2/20/2024,248,403,48,C16,5068.740476,5073.300867,5071.020672,xhi,4.56,5,no,
2/23/2024,257,406,7,C18,2428.926376,2432.459588,2430.692982,amb,3.53,4,no,
2/23/2024,260,407,10,M3,2340.250652,2340.614242,2340.432447,amb,0.36,1,no,
2/23/2024,262,408,12,C7,2348.886172,2353.083131,2350.984652,amb,4.2,5,no,
2/23/2024,263,409,13,Blank,2467.16142,2468.187425,2467.674423,amb,1.03,2,no,
2/23/2024,266,410,16,C8,2434.327659,2436.63104,2435.47935,amb,2.3,3,no,
2/23/2024,271,411,21,S6,2408.863042,2412.452069,2410.657556,amb,3.59,4,no,
2/23/2024,281,412,31,M4,3384.203416,3390.617661,3387.410539,amb,6.41,7,no,
2/23/2024,282,413,32,S4,2602.559892,2605.320473,2603.940183,amb,2.76,3,no,
2/23/2024,285,414,35,C13,2851.070604,2853.386257,2852.228431,amb,2.32,3,no,
2/23/2024,288,415,38,C12,3124.348713,3127.675601,3126.012157,amb,3.33,4,no,
2/23/2024,289,416,39,S9,2533.37858,2530.952088,2532.165334,amb,2.43,3,no,
2/23/2024,294,417,44,Blank,3097.40492,3097.888073,3097.646497,amb,0.48,1,no,
2/23/2024,253,418,3,Blank,3273.743851,3276.387075,3275.065463,elev,2.64,3,no,
2/23/2024,255,419,5,C4,3412.968558,3414.459709,3413.714134,elev,1.49,2,no,
2/23/2024,258,420,8,S14,3431.106695,3432.312283,3431.709489,elev,1.21,2,no,
2/23/2024,264,421,14,C9,3622.514345,3624.147248,3623.330797,elev,1.63,2,no,
2/23/2024,268,422,18,M2,3453.464875,3452.079999,3452.772437,elev,1.38,2,no,
2/23/2024,273,423,23,S1,3458.182718,3457.775467,3457.979093,elev,0.41,1,no,
2/23/2024,278,424,28,M8,4064.587543,4069.149669,4066.868606,elev,4.56,5,no,
2/23/2024,283,425,33,Blank,3353.884008,3350.369429,3352.126719,elev,3.51,4,no,
2/23/2024,284,426,34,S11,3497.3905,3499.355235,3498.372868,elev,1.96,2,no,
2/23/2024,293,427,43,S12,4330.122067,4340.031191,4335.076629,elev,9.91,10,no,
2/23/2024,295,428,45,C11,3126.755148,3125.153315,3125.954232,elev,1.6,2,no,
2/23/2024,297,429,47,C14,3918.754179,3919.065156,3918.909668,elev,0.31,1,no,
2/23/2024,251,430,1,S3,4262.045549,4264.399656,4263.222603,hi,2.35,3,no,
2/23/2024,254,431,4,C10,4106.08007,4103.489131,4104.784601,hi,2.59,3,no,
2/23/2024,256,432,6,M7,3913.175165,3911.091812,3912.133489,hi,2.08,3,no,
2/23/2024,265,433,15,C1,3240.410543,3237.349829,3238.880186,hi,3.06,4,no,
2/23/2024,269,434,19,S8,3501.7914,3503.443794,3502.617597,hi,1.65,2,no,
2/23/2024,272,435,22,Blank,4127.474856,4131.930851,4129.702854,hi,4.46,5,no,
2/23/2024,275,436,25,S2,4312.214137,4314.0537,4313.133919,hi,1.84,2,no,
2/23/2024,277,437,27,Blank,4239.04526,4236.09229,4237.568775,hi,2.95,3,no,
2/23/2024,280,438,30,C3,4803.514929,4801.954502,4802.734716,hi,1.56,2,no,
2/23/2024,287,439,37,C6,3886.976975,3885.937969,3886.457472,hi,1.04,2,no,
2/23/2024,291,440,41,M5,4262.661631,4265.013274,4263.837453,hi,2.35,3,no,
2/23/2024,296,441,46,S15,3573.360968,3569.557433,3571.459201,hi,3.8,4,no,
2/23/2024,252,442,2,C2,4247.318246,4253.112235,4250.215241,xhi,5.79,6,no,
2/23/2024,259,443,9,S10,4593.032522,4596.509962,4594.771242,xhi,3.48,4,no,
2/23/2024,261,444,11,Blank,4629.403523,4629.507129,4629.455326,xhi,0.1,1,no,
2/23/2024,267,445,17,C5,3171.366985,3163.370749,3167.368867,xhi,8,8,no,
2/23/2024,270,446,20,S7,4257.273655,4260.977572,4259.125614,xhi,3.7,4,no,
2/23/2024,274,447,24,M9,4126.348203,4124.67211,4125.510157,xhi,1.68,2,no,
2/23/2024,276,448,26,M1,4665.556236,4667.492388,4666.524312,xhi,1.94,2,no,
2/23/2024,279,449,29,S5,3965.15497,3960.116082,3962.635526,xhi,5.04,6,no,
2/23/2024,286,450,36,C15,3942.265363,3942.023026,3942.144195,xhi,0.24,1,no,
2/23/2024,290,451,40,Blank,3505.659743,3501.6407,3503.650222,xhi,4.02,5,no,
2/23/2024,292,452,42,M6,4541.715554,4545.842664,4543.779109,xhi,4.13,5,no,
2/23/2024,298,453,48,C16,4264.07884,4265.670984,4264.874912,xhi,1.59,2,no,
2/27/2024,307,456,7,C18,2496.112611,2497.556064,2496.834338,amb,1.44,2,no,
2/27/2024,310,457,10,M3,2433.399996,2432.993832,2433.196914,amb,0.41,1,no,
2/27/2024,312,458,12,C7,2409.457392,2411.204087,2410.33074,amb,1.75,2,no,
2/27/2024,313,459,13,Blank,2492.993693,2493.631199,2493.312446,amb,0.64,1,no,
2/27/2024,316,460,16,C8,2434.018743,2435.219113,2434.618928,amb,1.2,2,no,
2/27/2024,321,461,21,S6,2411.865598,2413.294979,2412.580289,amb,1.43,2,no,
2/27/2024,331,462,31,M4,2470.338622,2471.966713,2471.152668,amb,1.63,2,no,
2/27/2024,332,463,32,S4,2351.449367,2351.155336,2351.302352,amb,0.29,1,no,
2/27/2024,335,464,35,C13,2366.708776,2369.401656,2368.055216,amb,2.69,3,no,
2/27/2024,338,465,38,C12,2386.825134,2386.265709,2386.545422,amb,0.56,1,no,
2/27/2024,339,466,39,S9,2367.318288,2369.351553,2368.334921,amb,2.03,3,no,
2/27/2024,344,467,44,Blank,2491.567239,2491.789022,2491.678131,amb,0.22,1,no,
2/27/2024,303,468,3,Blank,3757.341685,3764.30381,3760.822748,elev,6.96,7,no,
2/27/2024,305,469,5,C4,3615.359871,3613.941334,3614.650603,elev,1.42,2,no,
2/27/2024,308,470,8,S14,3587.784794,3588.185513,3587.985154,elev,0.4,1,no,
2/27/2024,314,471,14,C9,3631.853714,3632.531953,3632.192834,elev,0.68,1,no,
2/27/2024,318,472,18,M2,3612.139709,3609.222501,3610.681105,elev,2.92,3,no,
2/27/2024,323,473,23,S1,3600.017049,3597.988394,3599.002722,elev,2.03,3,no,
2/27/2024,328,474,28,M8,3705.794526,3703.083085,3704.438806,elev,2.71,3,no,
2/27/2024,333,475,33,Blank,3891.056562,3893.58954,3892.323051,elev,2.53,3,no,
2/27/2024,334,476,34,S11,3822.110177,3818.059265,3820.084721,elev,4.05,5,no,
2/27/2024,343,477,43,S12,3784.331738,3787.160424,3785.746081,elev,2.83,3,no,
2/27/2024,345,478,45,C11,3761.708292,3766.759017,3764.233655,elev,5.05,6,no,
2/27/2024,347,479,47,C14,3791.542072,3793.547707,3792.54489,elev,2.01,3,no,
2/27/2024,301,480,1,S3,4496.59856,4504.000972,4500.299766,hi,7.4,8,no,
2/27/2024,304,481,4,C10,4481.258434,4481.272242,4481.265338,hi,0.01,1,no,
2/27/2024,306,482,6,M7,4362.482152,4364.426444,4363.454298,hi,1.94,2,no,
2/27/2024,315,483,15,C1,4719.042691,4722.962086,4721.002389,hi,3.92,4,no,
2/27/2024,319,484,19,S8,4436.184046,4432.356387,4434.270217,hi,3.83,4,no,
2/27/2024,322,485,22,Blank,4465.659715,4467.171083,4466.415399,hi,1.51,2,no,
2/27/2024,325,486,25,S2,4150.385448,4148.844571,4149.61501,hi,1.54,2,no,
2/27/2024,327,487,27,Blank,4841.20873,4843.156562,4842.182646,hi,1.95,2,no,
2/27/2024,330,488,30,C3,4678.041931,4680.055544,4679.048738,hi,2.01,3,no,
2/27/2024,337,489,37,C6,4703.801884,4705.983321,4704.892603,hi,2.18,3,no,
2/27/2024,341,490,41,M5,4732.575396,4733.877349,4733.226373,hi,1.3,2,no,
2/27/2024,346,491,46,S15,4951.914483,4954.587859,4953.251171,hi,2.67,3,no,
2/27/2024,302,492,2,C2,3872.618665,3868.039931,3870.329298,xhi,4.58,5,no,
2/27/2024,309,493,9,S10,5043.078808,5050.380364,5046.729586,xhi,7.3,8,no,
2/27/2024,311,494,11,Blank,5026.251132,5027.053161,5026.652147,xhi,0.8,1,no,
2/27/2024,317,495,17,C5,5001.789817,5001.231153,5001.510485,xhi,0.56,1,no,
2/27/2024,320,496,20,S7,4872.187128,4873.867924,4873.027526,xhi,1.68,2,no,
2/27/2024,324,497,24,M9,4937.308579,4935.922031,4936.615305,xhi,1.39,2,no,
2/27/2024,326,498,26,M1,3835.909997,3828.711926,3832.310962,xhi,7.2,8,no,
2/27/2024,329,499,29,S5,3676.099747,3676.777727,3676.438737,xhi,0.68,1,yes,yes
2/27/2024,336,500,36,C15,3742.30068,3743.701549,3743.001115,xhi,1.4,2,yes,yes
2/27/2024,340,501,40,Blank,3877.619574,3883.293505,3880.45654,xhi,5.67,6,no,
2/27/2024,342,502,42,M6,4095.291985,4099.161243,4097.226614,xhi,3.87,4,no,
3/1/2024,357,506,7,C18,2426.683359,2429.110301,2427.89683,amb,2.43,3,no,
3/1/2024,360,507,10,M3,2350.397942,2346.466113,2348.432028,amb,3.93,4,no,
3/1/2024,362,508,12,C7,2386.142122,2388.907272,2387.524697,amb,2.77,3,no,
3/1/2024,363,509,13,Blank,2499.800083,2501.652518,2500.726301,amb,1.85,2,no,
3/1/2024,366,510,16,C8,2443.519934,2439.199742,2441.359838,amb,4.32,5,no,
3/1/2024,371,511,21,S6,2356.996664,2356.55901,2356.777837,amb,0.44,1,no,
3/1/2024,381,512,31,M4,2520.885969,2521.687858,2521.286914,amb,0.8,1,no,
3/1/2024,382,513,32,S4,2319.245064,2320.798988,2320.022026,amb,1.55,2,no,
3/1/2024,385,514,35,C13,2389.572657,2390.031969,2389.802313,amb,0.46,1,no,
3/1/2024,388,515,38,C12,2442.57912,2438.308176,2440.443648,amb,4.27,5,no,
3/1/2024,389,516,39,S9,2354.723553,2354.063567,2354.39356,amb,0.66,1,no,
3/1/2024,394,517,44,Blank,2524.005302,2526.654372,2525.329837,amb,2.65,3,no,
3/1/2024,353,518,3,Blank,3794.358834,3794.744953,3794.551894,elev,0.39,1,no,
3/1/2024,355,519,5,C4,3525.81531,3523.97514,3524.895225,elev,1.84,2,no,
3/1/2024,358,520,8,S14,3587.621276,3588.842443,3588.23186,elev,1.22,2,no,
3/1/2024,364,521,14,C9,3563.467248,3563.745617,3563.606433,elev,0.28,1,no,
3/1/2024,368,522,18,M2,3293.997823,3292.89179,3293.444807,elev,1.11,2,no,
3/1/2024,373,523,23,S1,3621.59573,3624.790454,3623.193092,elev,3.19,4,no,
3/1/2024,378,524,28,M8,3631.15773,3633.326819,3632.242275,elev,2.17,3,no,
3/1/2024,383,525,33,Blank,3787.887208,3791.237907,3789.562558,elev,3.35,4,no,
3/1/2024,384,526,34,S11,3643.68469,3643.834635,3643.759663,elev,0.15,1,no,
3/1/2024,393,527,43,S12,2365.50661,2360.748206,2363.127408,elev,4.76,5,no,
3/1/2024,395,528,45,C11,2318.949536,2317.084121,2318.016829,elev,1.87,2,no,
3/1/2024,397,529,47,C14,2183.835876,2182.729244,2183.28256,elev,1.11,2,no,
3/1/2024,351,530,1,S3,3073.076,3046.447,3059.7615,hi,26.63,27,no,
3/1/2024,354,531,4,C10,2322.338543,2319.81903,2321.078787,hi,2.52,3,no,
3/1/2024,356,532,6,M7,2342.66055,2345.206608,2343.933579,hi,2.55,3,no,
3/1/2024,365,533,15,C1,2548.049427,2553.067921,2550.558674,hi,5.02,6,no,
3/1/2024,369,534,19,S8,3856.067281,3861.433309,3858.750295,hi,5.37,6,no,
3/1/2024,372,535,22,Blank,2282.147127,2282.551781,2282.349454,hi,0.4,1,no,
3/1/2024,375,536,25,S2,2451.176432,2448.166893,2449.671663,hi,3.01,4,no,
3/1/2024,377,537,27,Blank,2790.277027,2792.325715,2791.301371,hi,2.05,3,yes,
3/1/2024,380,538,30,C3,2716.568638,2721.625889,2719.097264,hi,5.06,6,yes,
3/1/2024,387,539,37,C6,2546.833632,2548.531739,2547.682686,hi,1.7,2,yes,
3/1/2024,391,540,41,M5,2988.37352,2991.852105,2990.112813,hi,3.48,4,yes,
3/1/2024,396,541,46,S15,2683.146665,2683.682093,2683.414379,hi,0.54,1,yes,
3/1/2024,352,542,2,C2,3871.747938,3875.561578,3873.654758,xhi,3.81,4,no,
3/1/2024,359,543,9,S10,2740.597791,2737.659068,2739.12843,xhi,2.94,3,yes,
3/1/2024,361,544,11,Blank,3561.227046,3567.551725,3564.389386,xhi,6.32,7,no,
3/1/2024,367,545,17,C5,4163.986563,4167.906119,4165.946341,xhi,3.92,4,no,
3/1/2024,370,546,20,S7,4337.083375,4335.132343,4336.107859,xhi,1.95,2,no,
3/1/2024,374,547,24,M9,4354.567526,4354.567916,4354.567721,xhi,0,1,no,
3/1/2024,376,548,26,M1,2946.583165,2949.28448,2947.933823,xhi,2.7,3,yes,
3/1/2024,379,549,29,S5,3539.022744,3544.821929,3541.922337,xhi,5.8,6,no,
3/1/2024,386,550,36,C15,2996.190208,2991.710109,2993.950159,xhi,4.48,5,yes,
3/1/2024,390,551,40,Blank,4294.069372,4296.274305,4295.171839,xhi,2.2,3,no,
3/1/2024,392,552,42,M6,2944.636851,2937.860258,2941.248555,xhi,6.78,7,yes,
3/1/2024,398,553,48,C16,3034.127035,3030.050244,3032.08864,xhi,4.08,5,yes,
3/5/2024,407,556,7,C18,2495.642687,2494.800792,2495.22174,amb,0.84,1,no,
3/5/2024,410,557,10,M3,2477.104716,2477.188452,2477.146584,amb,0.08,1,no,
3/5/2024,412,558,12,C7,2457.33815,2454.98333,2456.16074,amb,2.35,3,no,
3/5/2024,413,559,13,Blank,2534.069407,2536.626309,2535.347858,amb,2.56,3,no,
3/5/2024,416,560,16,C8,2423.261222,2422.41588,2422.838551,amb,0.85,1,no,
3/5/2024,421,561,21,S6,2445.383882,2444.736052,2445.059967,amb,0.65,1,no,
3/5/2024,431,562,31,M4,2499.601756,2500.450079,2500.025918,amb,0.85,1,no,
3/5/2024,432,563,32,S4,2407.123517,2404.958626,2406.041072,amb,2.16,3,no,
3/5/2024,435,564,35,C13,2446.029271,2444.963132,2445.496202,amb,1.07,2,no,
3/5/2024,438,565,38,C12,2396.824619,2397.294514,2397.059567,amb,0.47,1,no,
3/5/2024,439,566,39,S9,2387.395595,2387.029718,2387.212657,amb,0.37,1,no,
3/5/2024,444,567,44,Blank,2513.300679,2514.686836,2513.993758,amb,1.39,2,no,
3/5/2024,403,568,3,Blank,3839.858486,3843.701642,3841.780064,elev,3.84,4,no,
3/5/2024,405,569,5,C4,3745.417817,3745.398792,3745.408305,elev,0.02,1,no,
3/5/2024,408,570,8,S14,3660.558715,3661.046503,3660.802609,elev,0.49,1,no,
3/5/2024,414,571,14,C9,3641.327752,3644.039475,3642.683614,elev,2.71,3,no,
3/5/2024,418,572,18,M2,3747.280157,3746.925033,3747.102595,elev,0.36,1,no,
3/5/2024,423,573,23,S1,3708.835956,3712.378498,3710.607227,elev,3.54,4,no,
3/5/2024,428,574,28,M8,3703.55215,3703.189239,3703.370695,elev,0.36,1,no,
3/5/2024,433,575,33,Blank,3889.718433,3892.089203,3890.903818,elev,2.37,3,no,
3/5/2024,434,576,34,S11,3803.97097,3806.802852,3805.386911,elev,2.83,3,no,
3/5/2024,443,577,43,S12,3704.337178,3705.095709,3704.716444,elev,0.76,1,no,
3/5/2024,445,578,45,C11,3829.826994,3828.721487,3829.274241,elev,1.11,2,no,
3/5/2024,447,579,47,C14,3753.973117,3753.078957,3753.526037,elev,0.89,1,no,
3/5/2024,401,580,1,S3,4700.891282,4704.45233,4702.671806,hi,3.56,4,no,
3/5/2024,404,581,4,C10,4689.759191,4693.484243,4691.621717,hi,3.73,4,no,
3/5/2024,406,582,6,M7,4641.134886,4636.702424,4638.918655,hi,4.43,5,no,
3/5/2024,415,583,15,C1,4570.165277,4566.175826,4568.170552,hi,3.99,4,no,
3/5/2024,419,584,19,S8,4465.491963,4468.019121,4466.755542,hi,2.53,3,no,
3/5/2024,422,585,22,Blank,4470.504903,4472.237072,4471.370988,hi,1.73,2,no,
3/5/2024,425,586,25,S2,3341.089301,3345.52613,3343.307716,hi,4.44,5,yes,yes
3/5/2024,427,587,27,Blank,4041.957705,4045.465452,4043.711579,hi,3.51,4,no,
3/5/2024,430,588,30,C3,3413.617478,3399.915603,3406.766541,hi,13.7,14,yes,
3/5/2024,437,589,37,C6,3405.758203,3405.248904,3405.503554,hi,0.51,1,yes,
3/5/2024,441,590,41,M5,3712.617287,3695.542394,3704.079841,hi,17.07,18,yes,
3/5/2024,446,591,46,S15,3423.257723,3424.807112,3424.032418,hi,1.55,2,yes,yes
3/5/2024,402,592,2,C2,3852.815747,3837.996591,3845.406169,xhi,14.82,15,yes,
3/5/2024,409,593,9,S10,4414.811931,4416.40712,4415.609526,xhi,1.6,2,yes,
3/5/2024,411,594,11,Blank,3998.499795,4000.928552,3999.714174,xhi,2.43,3,yes,
3/5/2024,417,595,17,C5,3808.364621,3810.315657,3809.340139,xhi,1.95,2,yes,yes
3/5/2024,420,596,20,S7,3926.118254,3935.861654,3930.989954,xhi,9.74,10,yes,
3/5/2024,424,597,24,M9,5140.880421,5145.267886,5143.074154,xhi,4.39,5,no,
3/5/2024,426,598,26,M1,3840.525,3845.133,3842.829,xhi,4.61,5,no,yes
3/5/2024,429,599,29,S5,5210.024,5219.131,5214.5775,xhi,9.11,10,no,
3/5/2024,436,600,36,C15,3727.493,3722.314,3724.9035,xhi,5.18,6,no,
3/5/2024,440,601,40,Blank,4794.237,4793.026,4793.6315,xhi,1.21,2,no,
3/5/2024,442,602,42,M6,5002.3,5003.25,5002.775,xhi,0.95,1,no,
3/5/2024,448,603,48,C16,4639.364,4639.195,4639.2795,xhi,0.17,1,no,
3/11/2024,457,606,7,C18,2526.112057,2523.816,2524.964029,amb,2.3,3,no,
3/11/2024,460,607,10,M3,2523.375,2522.141,2522.758,amb,1.23,2,no,
3/11/2024,462,608,12,C7,2473.125,2475.449,2474.287,amb,2.32,3,no,
3/11/2024,463,609,13,Blank,2543.896,2545.871,2544.8835,amb,1.97,2,no,
3/11/2024,466,610,16,C8,2428.115,2430.503,2429.309,amb,2.39,3,no,
3/11/2024,471,611,21,S6,2444.197,2445.794,2444.9955,amb,1.6,2,no,
3/11/2024,481,612,31,M4,2521.782,2523.154,2522.468,amb,1.37,2,no,
3/11/2024,482,613,32,S4,2510.406,2510.15,2510.278,amb,0.26,1,no,
3/11/2024,485,614,35,C13,2470.107,2470.067,2470.087,amb,0.04,1,no,
3/11/2024,488,615,38,C12,2469.235,2470.453,2469.844,amb,1.22,2,no,
3/11/2024,489,616,39,S9,2423.046,2421.949,2422.4975,amb,1.1,2,no,
3/11/2024,494,617,44,Blank,2534.168,2533.689,2533.9285,amb,0.48,1,no,
3/11/2024,453,618,3,Blank,3671.852,3676.24,3674.046,elev,4.39,5,no,
3/11/2024,455,619,5,C4,3723.939,3726.375,3725.157,elev,2.44,3,no,
3/11/2024,458,620,8,S14,3589.384,3590.083,3589.7335,elev,0.7,1,no,
3/11/2024,464,621,14,C9,3736.954,3738.84,3737.897,elev,1.89,2,no,
3/11/2024,468,622,18,M2,3729.103,3729.795,3729.449,elev,0.69,1,no,
3/11/2024,473,623,23,S1,3620.109,3625.005,3622.557,elev,4.9,5,no,
3/11/2024,478,624,28,M8,3835.328,3833.212,3834.27,elev,2.12,3,no,
3/11/2024,483,625,33,Blank,3901.716,3905.743,3903.7295,elev,4.03,5,no,
3/11/2024,484,626,34,S11,3756.678,3758.068,3757.373,elev,1.39,2,no,
3/11/2024,493,627,43,S12,3748.517,3755.766,3752.1415,elev,7.25,8,no,
3/11/2024,495,628,45,C11,3797.22,3798.275,3797.7475,elev,1.06,2,no,
3/11/2024,497,629,47,C14,3729.476,3729.376,3729.426,elev,0.1,1,no,
3/11/2024,451,630,1,S3,3393.764,3391.359,3392.5615,hi,2.41,3,no,
3/11/2024,454,631,4,C10,2823.717,2819.868,2821.7925,hi,3.85,4,yes,yes
3/11/2024,456,632,6,M7,2905.13,2908.791,2906.9605,hi,3.66,4,yes,yes
3/11/2024,465,633,15,C1,3041.076,3045.519,3043.2975,hi,4.44,5,yes,yes
3/11/2024,469,634,19,S8,4382.085,4393.756,4387.9205,hi,11.67,12,no,
3/11/2024,472,635,22,Blank,4259.65,4259.925,4259.7875,hi,0.28,1,no,
3/11/2024,475,636,25,S2,4380.906,4380.356,4380.631,hi,0.55,1,no,
3/11/2024,477,637,27,Blank,3184.583,3180.498,3182.5405,hi,4.09,5,yes,
3/11/2024,480,638,30,C3,4481.604,4487.392,4484.498,hi,5.79,6,no,
3/11/2024,487,639,37,C6,4516.056,4517.028,4516.542,hi,0.97,1,no,
3/11/2024,491,640,41,M5,3189.44,3179.132,3184.286,hi,10.31,11,yes,
3/11/2024,496,641,46,S15,3040.72,3041.585,3041.1525,hi,0.87,1,yes,yes
3/11/2024,452,642,2,C2,4422.686,4430.443,4426.5645,xhi,7.76,8,no,
3/11/2024,459,643,9,S10,3483.67,3479.285,3481.4775,xhi,4.39,5,yes,
3/11/2024,461,644,11,Blank,4550.509,4558.242,4554.3755,xhi,7.73,8,no,
3/11/2024,467,645,17,C5,3626.347,3626.411,3626.379,xhi,0.06,1,no,yes
3/11/2024,470,646,20,S7,3615.082,3614.752,3614.917,xhi,0.33,1,yes,
3/11/2024,474,647,24,M9,4528.379,4532.192,4530.2855,xhi,3.81,4,no,
3/11/2024,476,648,26,M1,3562.46,3557.671,3560.0655,xhi,4.79,5,yes,
3/11/2024,479,649,29,S5,3608.545,3610.675,3609.61,xhi,2.13,3,yes,yes
3/11/2024,486,650,36,C15,3674.211,3679.33,3676.7705,xhi,5.12,6,yes,
3/11/2024,490,651,40,Blank,5157.378,5168.072,5162.725,xhi,10.69,11,no,
3/11/2024,492,652,42,M6,4840.342,4842.441,4841.3915,xhi,2.1,3,no,
3/11/2024,498,653,48,C16,4123.842,4120.118,4121.98,xhi,3.72,4,no,
3/19/2024,510,656,10,M3,2539.85,2542.466,2541.158,amb,2.62,3,no,
3/19/2024,512,657,12,C7,2563.51,2564.746,2564.128,amb,1.24,2,no,
3/19/2024,513,658,13,Blank,2575.98,2573.054,2574.517,amb,2.93,3,no,
3/19/2024,516,659,16,C8,2573.736,2574.897,2574.3165,amb,1.16,2,no,
3/19/2024,521,660,21,S6,2492.139,2494.293,2493.216,amb,2.15,3,no,
3/19/2024,531,661,31,M4,2568.266,2570.459,2569.3625,amb,2.19,3,no,
3/19/2024,532,662,32,S4,2559.75,2562.076,2560.913,amb,2.33,3,no,
3/19/2024,535,663,35,C13,2516.447,2517.54,2516.9935,amb,1.09,2,no,
3/19/2024,538,664,38,C12,2546.586,2547.835,2547.2105,amb,1.25,2,no,
3/19/2024,539,665,39,S9,2529.605,2530.46,2530.0325,amb,0.86,1,no,
3/19/2024,544,666,44,Blank,2573.237,2572.504,2572.8705,amb,0.73,1,no,
3/19/2024,503,667,3,Blank,3878.1,3887.19,3882.645,elev,9.09,10,no,
3/19/2024,505,668,5,C4,4045.188,4048.978,4047.083,elev,3.79,4,no,
3/19/2024,508,669,8,S14,4012.835,4015.752,4014.2935,elev,2.92,3,no,
3/19/2024,514,670,14,C9,4247.621,4250.444,4249.0325,elev,2.82,3,no,
3/19/2024,518,671,18,M2,3965.057,3969.275,3967.166,elev,4.22,5,no,
3/19/2024,523,672,23,S1,3982.111,3987.587,3984.849,elev,5.48,6,no,
3/19/2024,528,673,28,M8,3924.095,3922.082,3923.0885,elev,2.01,3,no,
3/19/2024,533,674,33,Blank,3988.733,3987.325,3988.029,elev,1.41,2,no,
3/19/2024,534,675,34,S11,3884.667,3885.899,3885.283,elev,1.23,2,no,
3/19/2024,543,676,43,S12,3963.102,3962.582,3962.842,elev,0.52,1,no,
3/19/2024,545,677,45,C11,3824.52,3827.352,3825.936,elev,2.83,3,no,
3/19/2024,547,678,47,C14,3908.803,3911.766,3910.2845,elev,2.96,3,no,
3/19/2024,501,679,1,S3,4965.716,4974.957,4970.3365,hi,9.24,10,no,
3/19/2024,504,680,4,C10,4909.587,4913.705,4911.646,hi,4.12,5,no,
3/19/2024,506,681,6,M7,4908.143,4909.584,4908.8635,hi,1.44,2,no,
3/19/2024,515,682,15,C1,4947.978,4953.109,4950.5435,hi,5.13,6,no,
3/19/2024,519,683,19,S8,4825.179,4824.458,4824.8185,hi,0.72,1,no,
3/19/2024,522,684,22,Blank,4924.221,4926.21,4925.2155,hi,1.99,2,no,
3/19/2024,525,685,25,S2,3569.34,3575.37,3572.355,hi,6.03,7,no,
3/19/2024,527,686,27,Blank,5102.118,5112.606,5107.362,hi,10.49,11,no,
3/19/2024,530,687,30,C3,4225.3,4219.203,4222.2515,hi,6.1,7,no,
3/19/2024,537,688,37,C6,4809.752,4813.828,4811.79,hi,4.08,5,no,
3/19/2024,541,689,41,M5,3497.059,3496.948,3497.0035,hi,0.11,1,no,yes
3/19/2024,546,690,46,S15,4956.113,4964.632,4960.3725,hi,8.52,9,no,
3/19/2024,507,691,7,C18,2615.517,2605.701,2610.609,amb,9.82,10,no,
3/19/2024,509,692,9,S10,3908.784,3923.717,3916.2505,xhi,14.93,15,no,
3/19/2024,511,693,11,Blank,4040.809,4047.335,4044.072,xhi,6.53,7,no,
3/19/2024,517,694,17,C5,3866.102,3861.286,3863.694,xhi,4.82,5,no,yes
3/19/2024,520,695,20,S7,4479.861,4486.094,4482.9775,xhi,6.23,7,no,
3/19/2024,524,696,24,M9,3853.561,3846.624,3850.0925,xhi,6.94,7,no,
3/19/2024,526,697,26,M1,5283.247,5289.64,5286.4435,xhi,6.39,7,no,
3/19/2024,529,698,29,S5,4003.766,3999.906,4001.836,xhi,3.86,4,no,
3/19/2024,536,699,36,C15,4407.374,4409.901,4408.6375,xhi,2.53,3,no,yes
3/19/2024,540,700,40,Blank,4019.18,4019.258,4019.219,xhi,0.08,1,no,
3/19/2024,542,701,42,M6,5282.587,5292.552,5287.5695,xhi,9.96,10,no,
3/19/2024,548,702,48,C16,5113.055,5110.16,5111.6075,xhi,2.9,3,no,
